-- MySQL dump 10.13  Distrib 8.0.21, for Win64 (x86_64)
--
-- Host: localhost    Database: amitgd2
-- ------------------------------------------------------
-- Server version	8.0.21

/*!40101 SET @OLD_CHARACTER_SET_CLIENT=@@CHARACTER_SET_CLIENT */;
/*!40101 SET @OLD_CHARACTER_SET_RESULTS=@@CHARACTER_SET_RESULTS */;
/*!40101 SET @OLD_COLLATION_CONNECTION=@@COLLATION_CONNECTION */;
/*!50503 SET NAMES utf8mb4 */;
/*!40103 SET @OLD_TIME_ZONE=@@TIME_ZONE */;
/*!40103 SET TIME_ZONE='+00:00' */;
/*!40014 SET @OLD_UNIQUE_CHECKS=@@UNIQUE_CHECKS, UNIQUE_CHECKS=0 */;
/*!40014 SET @OLD_FOREIGN_KEY_CHECKS=@@FOREIGN_KEY_CHECKS, FOREIGN_KEY_CHECKS=0 */;
/*!40101 SET @OLD_SQL_MODE=@@SQL_MODE, SQL_MODE='NO_AUTO_VALUE_ON_ZERO' */;
/*!40111 SET @OLD_SQL_NOTES=@@SQL_NOTES, SQL_NOTES=0 */;

--
-- Table structure for table `company`
--

DROP TABLE IF EXISTS `company`;
/*!40101 SET @saved_cs_client     = @@character_set_client */;
/*!50503 SET character_set_client = utf8mb4 */;
CREATE TABLE `company` (
  `idCompany` int NOT NULL AUTO_INCREMENT,
  `Company_name` varchar(45) NOT NULL,
  `Size` varchar(45) DEFAULT NULL,
  `Revenue` text,
  `Sector` text,
  `Industry` varchar(50) DEFAULT NULL,
  `Type` varchar(50) DEFAULT NULL,
  `Founded` int DEFAULT NULL,
  `idRatings` int DEFAULT NULL,
  PRIMARY KEY (`idCompany`),
  KEY `idRatings` (`idRatings`),
  CONSTRAINT `company_ibfk_1` FOREIGN KEY (`idRatings`) REFERENCES `ratings` (`idRatings`)
) ENGINE=InnoDB AUTO_INCREMENT=151 DEFAULT CHARSET=utf8mb4 COLLATE=utf8mb4_0900_ai_ci;
/*!40101 SET character_set_client = @saved_cs_client */;

--
-- Dumping data for table `company`
--

LOCK TABLES `company` WRITE;
/*!40000 ALTER TABLE `company` DISABLE KEYS */;
INSERT INTO `company` VALUES (1,'Ascent Services Group','1001 to 5000 Employees','$100 to $500 million (USD)','Business Services','Staffing & Outsourcing','Company - Private',2000,1),(2,'Grammarly','201 to 500 Employees','Unknown / Non-Applicable','Information Technology','Internet','Company - Private',2009,2),(3,'Canventa Life Sciences',NULL,NULL,NULL,NULL,NULL,NULL,3),(4,'LiveRamp','1001 to 5000 Employees','$100 to $500 million (USD)','Information Technology','Computer Hardware & Software','Company - Public',2005,4),(5,'Checkr','201 to 500 Employees','Unknown / Non-Applicable','Information Technology','Enterprise Software & Network Solutions','Company - Private',2014,5),(6,'Aperio Group','51 to 200 Employees','Unknown / Non-Applicable','Finance','Investment Banking & Asset Management','Company - Private',1999,6),(7,'C3.ai','501 to 1000 Employees','$100 to $500 million (USD)','Information Technology','Enterprise Software & Network Solutions','Company - Public',2009,7),(8,'Natera','501 to 1000 Employees','$100 to $500 million (USD)','Biotech & Pharmaceuticals','Biotech & Pharmaceuticals','Company - Public',2004,8),(9,'Sisu Data','1 to 50 Employees','Unknown / Non-Applicable','Information Technology','Enterprise Software & Network Solutions','Company - Private',2018,9),(10,'OPPORTUNITY FUND NORTHERN CALIFORNIA','51 to 200 Employees','$25 to $50 million (USD)','Finance','Banks & Credit Unions','Company - Private',1994,10),(11,'Amyris','201 to 500 Employees','$100 to $500 million (USD)','Biotech & Pharmaceuticals','Biotech & Pharmaceuticals','Company - Public',2003,11),(12,'PACT Pharma','51 to 200 Employees','Unknown / Non-Applicable','Biotech & Pharmaceuticals','Biotech & Pharmaceuticals','Company - Private',2016,12),(13,'Blue Owl','51 to 200 Employees','Unknown / Non-Applicable','Insurance','Insurance Carriers','Company - Private',2016,13),(14,'Torani','51 to 200 Employees','Unknown / Non-Applicable','Manufacturing','Food & Beverage Manufacturing','Company - Private',1925,14),(15,'GSN Games','201 to 500 Employees','Unknown / Non-Applicable','Media','Video Games','Company - Private',1999,15),(16,'Alto Neuroscience, Inc',NULL,NULL,NULL,NULL,NULL,NULL,16),(17,'Tapjoy','201 to 500 Employees','$10 to $25 million (USD)','Information Technology','Internet','Company - Private',2007,17),(18,'PACT Pharma','51 to 200 Employees','Unknown / Non-Applicable','Biotech & Pharmaceuticals','Biotech & Pharmaceuticals','Company - Private',2016,18),(19,'Grand Rounds','501 to 1000 Employees','Unknown / Non-Applicable','Health Care','Health Care Services & Hospitals','Company - Private',2011,19),(20,'Yummly','51 to 200 Employees','$1 to $5 million (USD)','Information Technology','Internet','Subsidiary or Business Segment',2009,20),(21,'Glass Lewis','51 to 200 Employees','$10 to $25 million (USD)','Finance','Investment Banking & Asset Management','Company - Private',2003,21),(22,'EY','10000+ Employees','$10+ billion (USD)','Accounting & Legal','Accounting','Company - Private',1989,22),(23,'PicnicHealth','1 to 50 Employees','Unknown / Non-Applicable','Information Technology','Computer Hardware & Software','Company - Private',2014,23),(24,'Rubicon','201 to 500 Employees','$500 million to $1 billion (USD)','Business Services','Building & Personnel Services','Company - Private',2008,24),(25,'Exelixis','501 to 1000 Employees','Unknown / Non-Applicable','Biotech & Pharmaceuticals','Biotech & Pharmaceuticals','Company - Public',1994,25),(26,'Thrive Global','51 to 200 Employees','Unknown / Non-Applicable','Information Technology','Enterprise Software & Network Solutions','Company - Private',2016,26),(27,'SmartNews, Inc.','201 to 500 Employees','Unknown / Non-Applicable','Information Technology','Internet','Company - Private',2012,27),(28,'MarinHealth Medical Center','1001 to 5000 Employees','$100 to $500 million (USD)','Health Care','Health Care Services & Hospitals','Hospital',1952,28),(29,'PicnicHealth','1 to 50 Employees','Unknown / Non-Applicable','Information Technology','Computer Hardware & Software','Company - Private',2014,29),(30,'Tapjoy','201 to 500 Employees','$10 to $25 million (USD)','Information Technology','Internet','Company - Private',2007,30),(31,'Faire','201 to 500 Employees','Unknown / Non-Applicable','Business Services','Wholesale','Company - Private',2016,31),(32,'Perfect World Entertainment','51 to 200 Employees','Unknown / Non-Applicable','Media','Video Games','Company - Public',2008,32),(33,'App Annie','201 to 500 Employees','Unknown / Non-Applicable','Information Technology','Computer Hardware & Software','Company - Private',2010,33),(34,'Carbon3D','201 to 500 Employees','Unknown / Non-Applicable','Information Technology','IT Services','Company - Private',2013,34),(35,'Niantic','501 to 1000 Employees','Unknown / Non-Applicable','Media','Video Games','Company - Private',2011,35),(36,'Amobee','501 to 1000 Employees','$500 million to $1 billion (USD)','Business Services','Advertising & Marketing','Company - Private',2005,36),(37,'Reddit','201 to 500 Employees','Unknown / Non-Applicable','Information Technology','Internet','Company - Private',2005,37),(38,'Cognizant Technology Solutions','10000+ Employees','$10+ billion (USD)',NULL,NULL,'Company - Public',1994,38),(39,'Arsenal Biosciences','51 to 200 Employees','Unknown / Non-Applicable','Biotech & Pharmaceuticals','Biotech & Pharmaceuticals','Company - Private',2019,39),(40,'Spectrix Analytical Services, LLC','51 to 200 Employees','Less than $1 million (USD)','Biotech & Pharmaceuticals','Biotech & Pharmaceuticals','Contract',1999,40),(41,'Plenty','201 to 500 Employees','Unknown / Non-Applicable','Agriculture & Forestry','Food Production','Company - Private',2013,41),(42,'Pocket Gems','201 to 500 Employees','Unknown / Non-Applicable','Media','Video Games','Company - Private',2009,42),(43,'Chan Zuckerberg Initiative','201 to 500 Employees','Unknown / Non-Applicable','Information Technology','Computer Hardware & Software','Company - Private',2015,43),(44,'Agenus','201 to 500 Employees','$10 to $25 million (USD)','Biotech & Pharmaceuticals','Biotech & Pharmaceuticals','Company - Private',NULL,44),(45,'Nextdoor','201 to 500 Employees','Unknown / Non-Applicable','Information Technology','Internet','Company - Private',2010,45),(46,'Medium','201 to 500 Employees','Unknown / Non-Applicable','Media','Publishing','Company - Private',2011,46),(47,'Faire','201 to 500 Employees','Unknown / Non-Applicable','Business Services','Wholesale','Company - Private',2016,47),(48,'Arsenal Biosciences','51 to 200 Employees','Unknown / Non-Applicable','Biotech & Pharmaceuticals','Biotech & Pharmaceuticals','Company - Private',2019,48),(49,'Charles River Laboratories','10000+ Employees','$2 to $5 billion (USD)','Biotech & Pharmaceuticals','Biotech & Pharmaceuticals','Company - Public',1947,49),(50,'Faire','201 to 500 Employees','Unknown / Non-Applicable','Business Services','Wholesale','Company - Private',2016,50),(51,'Ascent Services Group','1001 to 5000 Employees','$100 to $500 million (USD)','Business Services','Staffing & Outsourcing','Company - Private',2000,51),(52,'Exelixis','501 to 1000 Employees','Unknown / Non-Applicable','Biotech & Pharmaceuticals','Biotech & Pharmaceuticals','Company - Public',1994,52),(53,'Fandom','201 to 500 Employees','$100 to $500 million (USD)','Media','News Outlet','Company - Private',2006,53),(54,'Amyris','201 to 500 Employees','$100 to $500 million (USD)','Biotech & Pharmaceuticals','Biotech & Pharmaceuticals','Company - Public',2003,54),(55,'Natera','501 to 1000 Employees','$100 to $500 million (USD)','Biotech & Pharmaceuticals','Biotech & Pharmaceuticals','Company - Public',2004,55),(56,'Chan Zuckerberg Biohub','1 to 50 Employees','Less than $1 million (USD)','Non-Profit','Health Fundraising Organizations','Nonprofit Organization',NULL,56),(57,'CircleUp','51 to 200 Employees','Unknown / Non-Applicable','Finance','Venture Capital & Private Equity','Company - Private',2012,57),(58,'Abnormal Security','51 to 200 Employees','Unknown / Non-Applicable','Information Technology','Enterprise Software & Network Solutions','Company - Private',2018,58),(59,'Natera','501 to 1000 Employees','$100 to $500 million (USD)','Biotech & Pharmaceuticals','Biotech & Pharmaceuticals','Company - Public',2004,59),(60,'Kaiser Permanente','10000+ Employees','$10+ billion (USD)','Health Care','Health Care Services & Hospitals','Nonprofit Organization',1945,60),(61,'Asana','1001 to 5000 Employees','Unknown / Non-Applicable','Information Technology','Enterprise Software & Network Solutions','Company - Public',2009,61),(62,'Hongene Biotech Corporation',NULL,NULL,NULL,NULL,NULL,NULL,62),(63,'Blue Owl','51 to 200 Employees','Unknown / Non-Applicable','Insurance','Insurance Carriers','Company - Private',2016,63),(64,'Whisper.ai','1 to 50 Employees','Unknown / Non-Applicable','Manufacturing','Consumer Products Manufacturing','Company - Private',2017,64),(65,'Exelixis','501 to 1000 Employees','Unknown / Non-Applicable','Biotech & Pharmaceuticals','Biotech & Pharmaceuticals','Company - Public',1994,65),(66,'OneSignal','1 to 50 Employees','Unknown / Non-Applicable','Information Technology','Computer Hardware & Software','Company - Private',NULL,66),(67,'ForgeRock','501 to 1000 Employees','$50 to $100 million (USD)','Information Technology','Enterprise Software & Network Solutions','Company - Private',2010,67),(68,'Everlane','51 to 200 Employees','$5 to $10 million (USD)','Retail','Other Retail Stores','Company - Private',2010,68),(69,'Finrise','1 to 50 Employees','Unknown / Non-Applicable','Information Technology','Internet','Company - Private',2015,69),(70,'Alameda Health System','5001 to 10000 Employees','$25 to $50 million (USD)','Health Care','Health Care Services & Hospitals','Hospital',1864,70),(71,'UCSF Medical Center','10000+ Employees','$50 to $100 million (USD)','Health Care','Health Care Services & Hospitals','Hospital',1907,71),(72,'Lumiata','1 to 50 Employees','Unknown / Non-Applicable','Information Technology','Enterprise Software & Network Solutions','Company - Private',2013,72),(73,'Exponent','1001 to 5000 Employees','$100 to $500 million (USD)','Business Services','Consulting','Company - Public',1967,73),(74,'Gusto','1001 to 5000 Employees','Unknown / Non-Applicable','Information Technology','Computer Hardware & Software','Company - Private',2011,74),(75,'Retool','201 to 500 Employees','$25 to $50 million (USD)',NULL,NULL,'Company - Private',2011,75),(76,'Deep Labs','1 to 50 Employees','Unknown / Non-Applicable','Information Technology','Computer Hardware & Software','Company - Private',2015,76),(77,'Geli','1 to 50 Employees','Unknown / Non-Applicable','Oil, Gas, Energy & Utilities','Energy','Company - Private',2011,77),(78,'Sage Intacct','501 to 1000 Employees','Unknown / Non-Applicable','Information Technology','Computer Hardware & Software','Subsidiary or Business Segment',1999,78),(79,'Square','1001 to 5000 Employees','$1 to $2 billion (USD)','Information Technology','Computer Hardware & Software','Company - Public',2009,79),(80,'Ngm Biopharmaceuticals','51 to 200 Employees','$5 to $10 million (USD)','Biotech & Pharmaceuticals','Biotech & Pharmaceuticals','Company - Public',2008,80),(81,'DoorDash','1001 to 5000 Employees','Unknown / Non-Applicable','Information Technology','IT Services','Company - Private',2013,81),(82,'SentiLink',NULL,NULL,NULL,NULL,NULL,NULL,82),(83,'Blue Owl','51 to 200 Employees','Unknown / Non-Applicable','Insurance','Insurance Carriers','Company - Private',2016,83),(84,'Brightidea','51 to 200 Employees','$10 to $25 million (USD)','Information Technology','Enterprise Software & Network Solutions','Company - Private',2000,84),(85,'Triplebyte','51 to 200 Employees','Unknown / Non-Applicable','Information Technology','Computer Hardware & Software','Company - Private',2015,85),(86,'Exelixis','501 to 1000 Employees','Unknown / Non-Applicable','Biotech & Pharmaceuticals','Biotech & Pharmaceuticals','Company - Public',1994,86),(87,'Gap Inc.','10000+ Employees','$10+ billion (USD)','Retail','Department, Clothing, & Shoe Stores','Company - Public',1969,87),(88,'Plaid','201 to 500 Employees','Unknown / Non-Applicable','Information Technology','Enterprise Software & Network Solutions','Company - Private',2012,88),(89,'6sense','51 to 200 Employees','Unknown / Non-Applicable','Information Technology','Computer Hardware & Software','Company - Private',2013,89),(90,'GoPro','501 to 1000 Employees','$1 to $2 billion (USD)','Manufacturing','Consumer Products Manufacturing','Company - Public',2003,90),(91,'Upstart Network, Inc.','201 to 500 Employees','Unknown / Non-Applicable','Finance','Lending','Company - Private',2012,91),(92,'Softvision - North America','1001 to 5000 Employees','$100 to $500 million (USD)','Information Technology','IT Services','Company - Private',1994,92),(93,'Nextdoor','201 to 500 Employees','Unknown / Non-Applicable','Information Technology','Internet','Company - Private',2010,93),(94,'Postmates','1001 to 5000 Employees','Unknown / Non-Applicable','Transportation & Logistics','Express Delivery Services','Company - Private',2011,94),(95,'Plaid','201 to 500 Employees','Unknown / Non-Applicable','Information Technology','Enterprise Software & Network Solutions','Company - Private',2012,95),(96,'Joby Aviation','51 to 200 Employees','Less than $1 million (USD)',NULL,NULL,'Company - Private',NULL,96),(97,'Acorn Analytics','Unknown','Less than $1 million (USD)',NULL,NULL,'Company - Private',NULL,97),(98,'Eaze','51 to 200 Employees','$25 to $50 million (USD)','Information Technology','Internet','Company - Private',2014,98),(99,'University of California San Francisco','10000+ Employees','$25 to $50 million (USD)',NULL,NULL,'College / University',1864,99),(100,'Samba TV','201 to 500 Employees','Unknown / Non-Applicable','Business Services','Advertising & Marketing','Company - Private',2008,100),(101,'Logic20/20','201 to 500 Employees','$25 to $50 million (USD)','Business Services','Consulting','Company - Private',2005,101),(102,'DoorDash','1001 to 5000 Employees','Unknown / Non-Applicable','Information Technology','IT Services','Company - Private',2013,102),(103,'Ascent Services Group','1001 to 5000 Employees','$100 to $500 million (USD)','Business Services','Staffing & Outsourcing','Company - Private',2000,103),(104,'Roblox','501 to 1000 Employees','Unknown / Non-Applicable','Information Technology','Computer Hardware & Software','Company - Private',2006,104),(105,'ClimateAI','1 to 50 Employees','Less than $1 million (USD)',NULL,NULL,'Company - Private',NULL,105),(106,'Genus AI','1 to 50 Employees','Unknown / Non-Applicable','Information Technology','Enterprise Software & Network Solutions','Company - Public',2018,106),(107,'SoFi','1001 to 5000 Employees','Unknown / Non-Applicable','Finance','Lending','Company - Private',2011,107),(108,'iRhythm','501 to 1000 Employees','$50 to $100 million (USD)','Health Care','Health Care Services & Hospitals','Company - Public',2008,108),(109,'Square','1001 to 5000 Employees','$1 to $2 billion (USD)','Information Technology','Computer Hardware & Software','Company - Public',2009,109),(110,'Google','10000+ Employees','$10+ billion (USD)','Information Technology','Internet','Company - Public',1998,110),(111,'Unlearn.AI','1 to 50 Employees','Unknown / Non-Applicable','Biotech & Pharmaceuticals','Biotech & Pharmaceuticals','Company - Private',2017,111),(112,'Dignity Health','10000+ Employees','$10+ billion (USD)','Health Care','Health Care Services & Hospitals','Nonprofit Organization',NULL,112),(113,'Natera','501 to 1000 Employees','$100 to $500 million (USD)','Biotech & Pharmaceuticals','Biotech & Pharmaceuticals','Company - Public',2004,113),(114,'TCS','1 to 50 Employees','Unknown / Non-Applicable','Telecommunications','Telecommunications Services','Company - Private',1947,114),(115,'Senti Biosciences','51 to 200 Employees','Unknown / Non-Applicable','Biotech & Pharmaceuticals','Biotech & Pharmaceuticals','Company - Private',2016,115),(116,'Hired Recruiters','1 to 50 Employees','Unknown / Non-Applicable','Information Technology','Internet','Contract',2015,116),(117,'Tata Consultancy Services (North America)','10000+ Employees','$10+ billion (USD)','Information Technology','IT Services','Subsidiary or Business Segment',1968,117),(118,'Arrow Digital','1 to 50 Employees','Less than $1 million (USD)',NULL,NULL,'Company - Private',NULL,118),(119,'States Title','1001 to 5000 Employees','Unknown / Non-Applicable','Insurance','Insurance Agencies & Brokerages','Company - Private',2016,119),(120,'Ancestry','1001 to 5000 Employees','$1 to $2 billion (USD)','Information Technology','Internet','Company - Private',1985,120),(121,'Citrine Informatics','51 to 200 Employees','$1 to $5 million (USD)','Information Technology','Enterprise Software & Network Solutions','Company - Private',2014,121),(122,'Snowflake','1001 to 5000 Employees','$100 to $500 million (USD)','Information Technology','Enterprise Software & Network Solutions','Company - Public',2012,122),(123,'Chime','501 to 1000 Employees','Unknown / Non-Applicable','Finance','Banks & Credit Unions','Company - Private',2013,123),(124,'Fivestars','201 to 500 Employees','$100 to $500 million (USD)','Information Technology','Internet','Company - Private',2011,124),(125,'Opendoor','501 to 1000 Employees','$2 to $5 billion (USD)','Real Estate','Real Estate','Company - Private',2014,125),(126,'Winwire Technologies','501 to 1000 Employees','Unknown / Non-Applicable','Information Technology','IT Services','Company - Private',2006,126),(127,'Twitch','1001 to 5000 Employees','Unknown / Non-Applicable','Information Technology','Internet','Subsidiary or Business Segment',2011,127),(128,'Parker Institute for Cancer Immunotherapy','51 to 200 Employees','Less than $1 million (USD)','Non-Profit','Health Fundraising Organizations','Nonprofit Organization',NULL,128),(129,'Twitter','1001 to 5000 Employees','$2 to $5 billion (USD)','Information Technology','Internet','Company - Public',2006,129),(130,'Alooba',NULL,NULL,NULL,NULL,NULL,NULL,130),(131,'Stitch Fix','5001 to 10000 Employees','$500 million to $1 billion (USD)','Retail','Other Retail Stores','Company - Public',2011,131),(132,'Chime','501 to 1000 Employees','Unknown / Non-Applicable','Finance','Banks & Credit Unions','Company - Private',2013,132),(133,'22nd Century Technologies','1001 to 5000 Employees','$25 to $50 million (USD)','Information Technology','IT Services','Company - Private',1997,133),(134,'Datatron Technologies','1 to 50 Employees','Unknown / Non-Applicable','Information Technology','Computer Hardware & Software','Company - Private',2016,134),(135,'Microcred','51 to 200 Employees','Less than $1 million (USD)','Finance','Lending','Company - Private',NULL,135),(136,'MightyHive','501 to 1000 Employees','Unknown / Non-Applicable','Business Services','Advertising & Marketing','Subsidiary or Business Segment',2012,136),(137,'Getty Images','1001 to 5000 Employees','Unknown / Non-Applicable','Arts, Entertainment & Recreation','Photography','Company - Private',1995,137),(138,'Twitch','1001 to 5000 Employees','Unknown / Non-Applicable','Information Technology','Internet','Subsidiary or Business Segment',2011,138),(139,'Kinship','51 to 200 Employees','Less than $1 million (USD)',NULL,NULL,'Company - Private',NULL,139),(140,'Farmer\'s Business Network, Inc.','Unknown','Less than $1 million (USD)',NULL,NULL,'Company - Private',NULL,140),(141,'NerdWallet','201 to 500 Employees','Unknown / Non-Applicable','Finance','Financial Analytics & Research','Company - Private',2009,141),(142,'Jobot','51 to 200 Employees','$25 to $50 million (USD)','Business Services','Staffing & Outsourcing','Company - Private',2018,142),(143,'HEALTHRIGHT 360','1001 to 5000 Employees','Unknown / Non-Applicable','Health Care','Health Care Services & Hospitals','Nonprofit Organization',1967,143),(144,'TaskRabbit','201 to 500 Employees','Unknown / Non-Applicable','Information Technology','Internet','Company - Private',2008,144),(145,'Blue Owl','51 to 200 Employees','Unknown / Non-Applicable','Insurance','Insurance Carriers','Company - Private',2016,145),(146,'Oportun Inc','1001 to 5000 Employees','Unknown / Non-Applicable','Finance','Lending','Company - Public',2005,146),(147,'Grammarly','201 to 500 Employees','Unknown / Non-Applicable','Information Technology','Internet','Company - Private',2009,147),(148,'Avila Trading','1 to 50 Employees','Less than $1 million (USD)',NULL,NULL,'Company - Private',NULL,148),(149,'Standard Chartered','10000+ Employees','$10 to $25 million (USD)','Finance','Investment Banking & Asset Management','Company - Public',1969,149),(150,'TransReach','Unknown','Less than $1 million (USD)',NULL,NULL,'Company - Private',NULL,150);
/*!40000 ALTER TABLE `company` ENABLE KEYS */;
UNLOCK TABLES;

--
-- Table structure for table `company_stock_details`
--

DROP TABLE IF EXISTS `company_stock_details`;
/*!40101 SET @saved_cs_client     = @@character_set_client */;
/*!50503 SET character_set_client = utf8mb4 */;
CREATE TABLE `company_stock_details` (
  `idCompany_stock_details` int NOT NULL AUTO_INCREMENT,
  `idCompany` int DEFAULT NULL,
  `Stock_price` float DEFAULT NULL,
  `Market_cap` float DEFAULT NULL,
  `Currency` varchar(10) DEFAULT NULL,
  `Website` text,
  `Ex_Market` varchar(10) DEFAULT NULL,
  PRIMARY KEY (`idCompany_stock_details`),
  KEY `idCompany` (`idCompany`),
  CONSTRAINT `company_stock_details_ibfk_1` FOREIGN KEY (`idCompany`) REFERENCES `company` (`idCompany`)
) ENGINE=InnoDB AUTO_INCREMENT=151 DEFAULT CHARSET=utf8mb4 COLLATE=utf8mb4_0900_ai_ci;
/*!40101 SET character_set_client = @saved_cs_client */;

--
-- Dumping data for table `company_stock_details`
--

LOCK TABLES `company_stock_details` WRITE;
/*!40000 ALTER TABLE `company_stock_details` DISABLE KEYS */;
INSERT INTO `company_stock_details` VALUES (1,1,1.17,84877400,'USD','http://www.kempharm.com','NASDAQ'),(2,2,8.51,1937810000,'USD','http://www.lionsgate.com','NYSE'),(3,3,29.26,531370000,'USD','http://www.havertys.com','NYSE'),(4,4,8.51,1937810000,'USD','http://www.lionsgate.com','NYSE'),(5,5,29.26,531370000,'USD','http://www.havertys.com','NYSE'),(6,6,29.26,531370000,'USD','http://www.havertys.com','NYSE'),(7,7,29.26,531370000,'USD','http://www.havertys.com','NYSE'),(8,8,29.26,531370000,'USD','http://www.havertys.com','NYSE'),(9,9,29.26,531370000,'USD','http://www.havertys.com','NYSE'),(10,10,29.26,531370000,'USD','http://www.havertys.com','NYSE'),(11,11,29.26,531370000,'USD','http://www.havertys.com','NYSE'),(12,12,29.26,531370000,'USD','http://www.havertys.com','NYSE'),(13,13,8.51,1937810000,'USD','http://www.lionsgate.com','NYSE'),(14,14,29.26,531370000,'USD','http://www.havertys.com','NYSE'),(15,15,8.51,1937810000,'USD','http://www.lionsgate.com','NYSE'),(16,16,29.26,531370000,'USD','http://www.havertys.com','NYSE'),(17,17,29.26,531370000,'USD','http://www.havertys.com','NYSE'),(18,18,29.26,531370000,'USD','http://www.havertys.com','NYSE'),(19,19,8.51,1937810000,'USD','http://www.lionsgate.com','NYSE'),(20,20,29.26,531370000,'USD','http://www.havertys.com','NYSE'),(21,21,8.51,1937810000,'USD','http://www.lionsgate.com','NYSE'),(22,22,29.26,531370000,'USD','http://www.havertys.com','NYSE'),(23,23,29.26,531370000,'USD','http://www.havertys.com','NYSE'),(24,24,29.26,531370000,'USD','http://www.havertys.com','NYSE'),(25,25,29.26,531370000,'USD','http://www.havertys.com','NYSE'),(26,26,29.26,531370000,'USD','http://www.havertys.com','NYSE'),(27,27,29.26,531370000,'USD','http://www.havertys.com','NYSE'),(28,28,29.26,531370000,'USD','http://www.havertys.com','NYSE'),(29,29,29.26,531370000,'USD','http://www.havertys.com','NYSE'),(30,30,29.26,531370000,'USD','http://www.havertys.com','NYSE'),(31,31,29.26,531370000,'USD','http://www.havertys.com','NYSE'),(32,32,29.26,531370000,'USD','http://www.havertys.com','NYSE'),(33,33,29.26,531370000,'USD','http://www.havertys.com','NYSE'),(34,34,29.26,531370000,'USD','http://www.havertys.com','NYSE'),(35,35,29.26,531370000,'USD','http://www.havertys.com','NYSE'),(36,36,29.26,531370000,'USD','http://www.havertys.com','NYSE'),(37,37,29.26,531370000,'USD','http://www.havertys.com','NYSE'),(38,38,29.26,531370000,'USD','http://www.havertys.com','NYSE'),(39,39,29.26,531370000,'USD','http://www.havertys.com','NYSE'),(40,40,29.26,531370000,'USD','http://www.havertys.com','NYSE'),(41,41,29.26,531370000,'USD','http://www.havertys.com','NYSE'),(42,42,29.26,531370000,'USD','http://www.havertys.com','NYSE'),(43,43,29.26,531370000,'USD','http://www.havertys.com','NYSE'),(44,44,29.26,531370000,'USD','http://www.havertys.com','NYSE'),(45,45,29.26,531370000,'USD','http://www.havertys.com','NYSE'),(46,46,29.26,531370000,'USD','http://www.havertys.com','NYSE'),(47,47,29.26,531370000,'USD','http://www.havertys.com','NYSE'),(48,48,29.26,531370000,'USD','http://www.havertys.com','NYSE'),(49,49,29.26,531370000,'USD','http://www.havertys.com','NYSE'),(50,50,29.26,531370000,'USD','http://www.havertys.com','NYSE'),(51,51,29.26,531370000,'USD','http://www.havertys.com','NYSE'),(52,52,29.26,531370000,'USD','http://www.havertys.com','NYSE'),(53,53,29.26,531370000,'USD','http://www.havertys.com','NYSE'),(54,54,29.26,531370000,'USD','http://www.havertys.com','NYSE'),(55,55,29.26,531370000,'USD','http://www.havertys.com','NYSE'),(56,56,29.26,531370000,'USD','http://www.havertys.com','NYSE'),(57,57,29.26,531370000,'USD','http://www.havertys.com','NYSE'),(58,58,29.26,531370000,'USD','http://www.havertys.com','NYSE'),(59,59,29.26,531370000,'USD','http://www.havertys.com','NYSE'),(60,60,16.5,2603070000,'USD','http://www.koandina.com','NYSE'),(61,61,29.26,531370000,'USD','http://www.havertys.com','NYSE'),(62,62,29.26,531370000,'USD','http://www.havertys.com','NYSE'),(63,63,8.51,1937810000,'USD','http://www.lionsgate.com','NYSE'),(64,64,45.62,2508720000,'USD','http://www.wiley.com','NYSE'),(65,65,29.26,531370000,'USD','http://www.havertys.com','NYSE'),(66,66,29.26,531370000,'USD','http://www.havertys.com','NYSE'),(67,67,29.26,531370000,'USD','http://www.havertys.com','NYSE'),(68,68,29.26,531370000,'USD','http://www.havertys.com','NYSE'),(69,69,29.26,531370000,'USD','http://www.havertys.com','NYSE'),(70,70,29.26,531370000,'USD','http://www.havertys.com','NYSE'),(71,71,29.26,531370000,'USD','http://www.havertys.com','NYSE'),(72,72,8.51,1937810000,'USD','http://www.lionsgate.com','NYSE'),(73,73,29.26,531370000,'USD','http://www.havertys.com','NYSE'),(74,74,8.51,1937810000,'USD','http://www.lionsgate.com','NYSE'),(75,75,29.26,531370000,'USD','http://www.havertys.com','NYSE'),(76,76,14.47,166392000,'USD','https://www.federatedinvestors.com/products/closed-end-funds/premier-municipal-income.do','NYSE'),(77,77,8.51,1937810000,'USD','http://www.lionsgate.com','NYSE'),(78,78,29.26,531370000,'USD','http://www.havertys.com','NYSE'),(79,79,29.26,531370000,'USD','http://www.havertys.com','NYSE'),(80,80,29.26,531370000,'USD','http://www.havertys.com','NYSE'),(81,81,14.47,166392000,'USD','https://www.federatedinvestors.com/products/closed-end-funds/premier-municipal-income.do','NYSE'),(82,82,29.26,531370000,'USD','http://www.havertys.com','NYSE'),(83,83,8.51,1937810000,'USD','http://www.lionsgate.com','NYSE'),(84,84,8.51,1937810000,'USD','http://www.lionsgate.com','NYSE'),(85,85,29.26,531370000,'USD','http://www.havertys.com','NYSE'),(86,86,29.26,531370000,'USD','http://www.havertys.com','NYSE'),(87,87,8.51,1937810000,'USD','http://www.lionsgate.com','NYSE'),(88,88,29.26,531370000,'USD','http://www.havertys.com','NYSE'),(89,89,20.73,1795640000,'USD','','NYSE'),(90,90,8.51,1937810000,'USD','http://www.lionsgate.com','NYSE'),(91,91,29.26,531370000,'USD','http://www.havertys.com','NYSE'),(92,92,29.26,531370000,'USD','http://www.havertys.com','NYSE'),(93,93,29.26,531370000,'USD','http://www.havertys.com','NYSE'),(94,94,29.26,531370000,'USD','http://www.havertys.com','NYSE'),(95,95,29.26,531370000,'USD','http://www.havertys.com','NYSE'),(96,96,45.62,2508720000,'USD','http://www.wiley.com','NYSE'),(97,97,29.26,531370000,'USD','http://www.havertys.com','NYSE'),(98,98,29.26,531370000,'USD','http://www.havertys.com','NYSE'),(99,99,29.26,531370000,'USD','http://www.havertys.com','NYSE'),(100,100,29.26,531370000,'USD','http://www.havertys.com','NYSE'),(101,101,8.51,1937810000,'USD','http://www.lionsgate.com','NYSE'),(102,102,14.47,166392000,'USD','https://www.federatedinvestors.com/products/closed-end-funds/premier-municipal-income.do','NYSE'),(103,103,29.26,531370000,'USD','http://www.havertys.com','NYSE'),(104,104,29.26,531370000,'USD','http://www.havertys.com','NYSE'),(105,105,29.26,531370000,'USD','http://www.havertys.com','NYSE'),(106,106,8.51,1937810000,'USD','http://www.lionsgate.com','NYSE'),(107,107,29.26,531370000,'USD','http://www.havertys.com','NYSE'),(108,108,29.26,531370000,'USD','http://www.havertys.com','NYSE'),(109,109,29.26,531370000,'USD','http://www.havertys.com','NYSE'),(110,110,8.51,1937810000,'USD','http://www.lionsgate.com','NYSE'),(111,111,29.26,531370000,'USD','http://www.havertys.com','NYSE'),(112,112,14.47,166392000,'USD','https://www.federatedinvestors.com/products/closed-end-funds/premier-municipal-income.do','NYSE'),(113,113,29.26,531370000,'USD','http://www.havertys.com','NYSE'),(114,114,29.26,531370000,'USD','http://www.havertys.com','NYSE'),(115,115,29.26,531370000,'USD','http://www.havertys.com','NYSE'),(116,116,29.26,531370000,'USD','http://www.havertys.com','NYSE'),(117,117,29.26,531370000,'USD','http://www.havertys.com','NYSE'),(118,118,29.26,531370000,'USD','http://www.havertys.com','NYSE'),(119,119,29.26,531370000,'USD','http://www.havertys.com','NYSE'),(120,120,29.26,531370000,'USD','http://www.havertys.com','NYSE'),(121,121,29.26,531370000,'USD','http://www.havertys.com','NYSE'),(122,122,29.26,531370000,'USD','http://www.havertys.com','NYSE'),(123,123,29.26,531370000,'USD','http://www.havertys.com','NYSE'),(124,124,29.26,531370000,'USD','http://www.havertys.com','NYSE'),(125,125,29.26,531370000,'USD','http://www.havertys.com','NYSE'),(126,126,45.62,2508720000,'USD','http://www.wiley.com','NYSE'),(127,127,29.26,531370000,'USD','http://www.havertys.com','NYSE'),(128,128,29.26,531370000,'USD','http://www.havertys.com','NYSE'),(129,129,29.26,531370000,'USD','http://www.havertys.com','NYSE'),(130,130,29.26,531370000,'USD','http://www.havertys.com','NYSE'),(131,131,29.26,531370000,'USD','http://www.havertys.com','NYSE'),(132,132,29.26,531370000,'USD','http://www.havertys.com','NYSE'),(133,133,20.73,1795640000,'USD','','NYSE'),(134,134,14.47,166392000,'USD','https://www.federatedinvestors.com/products/closed-end-funds/premier-municipal-income.do','NYSE'),(135,135,29.26,531370000,'USD','http://www.havertys.com','NYSE'),(136,136,29.26,531370000,'USD','http://www.havertys.com','NYSE'),(137,137,8.51,1937810000,'USD','http://www.lionsgate.com','NYSE'),(138,138,29.26,531370000,'USD','http://www.havertys.com','NYSE'),(139,139,16.5,2603070000,'USD','http://www.koandina.com','NYSE'),(140,140,29.26,531370000,'USD','http://www.havertys.com','NYSE'),(141,141,29.26,531370000,'USD','http://www.havertys.com','NYSE'),(142,142,45.62,2508720000,'USD','http://www.wiley.com','NYSE'),(143,143,29.26,531370000,'USD','http://www.havertys.com','NYSE'),(144,144,29.26,531370000,'USD','http://www.havertys.com','NYSE'),(145,145,8.51,1937810000,'USD','http://www.lionsgate.com','NYSE'),(146,146,29.26,531370000,'USD','http://www.havertys.com','NYSE'),(147,147,8.51,1937810000,'USD','http://www.lionsgate.com','NYSE'),(148,148,29.26,531370000,'USD','http://www.havertys.com','NYSE'),(149,149,29.26,531370000,'USD','http://www.havertys.com','NYSE'),(150,150,29.26,531370000,'USD','http://www.havertys.com','NYSE');
/*!40000 ALTER TABLE `company_stock_details` ENABLE KEYS */;
UNLOCK TABLES;

--
-- Table structure for table `job_location`
--

DROP TABLE IF EXISTS `job_location`;
/*!40101 SET @saved_cs_client     = @@character_set_client */;
/*!50503 SET character_set_client = utf8mb4 */;
CREATE TABLE `job_location` (
  `idJob_location` int NOT NULL AUTO_INCREMENT,
  `City` varchar(45) DEFAULT NULL,
  `State` varchar(10) DEFAULT NULL,
  PRIMARY KEY (`idJob_location`)
) ENGINE=InnoDB AUTO_INCREMENT=151 DEFAULT CHARSET=utf8mb4 COLLATE=utf8mb4_0900_ai_ci;
/*!40101 SET character_set_client = @saved_cs_client */;

--
-- Dumping data for table `job_location`
--

LOCK TABLES `job_location` WRITE;
/*!40000 ALTER TABLE `job_location` DISABLE KEYS */;
INSERT INTO `job_location` VALUES (1,'Oakland',' CA'),(2,'San Francisco',' CA'),(3,'San Francisco',' CA'),(4,'San Francisco',' CA'),(5,'San Francisco',' CA'),(6,'Sausalito',' CA'),(7,'Redwood City',' CA'),(8,'San Carlos',' CA'),(9,'San Francisco',' CA'),(10,'San Francisco',' CA'),(11,'Emeryville',' CA'),(12,'South San Francisco',' CA'),(13,'San Francisco',' CA'),(14,'South San Francisco',' CA'),(15,'San Francisco',' CA'),(16,'San Francisco',' CA'),(17,'San Francisco',' CA'),(18,'South San Francisco',' CA'),(19,'San Francisco',' CA'),(20,'San Carlos',' CA'),(21,'San Francisco',' CA'),(22,'San Francisco',' CA'),(23,'San Francisco',' CA'),(24,'San Francisco',' CA'),(25,'Alameda',' CA'),(26,'San Francisco',' CA'),(27,'San Francisco',' CA'),(28,'Greenbrae',' CA'),(29,'San Francisco',' CA'),(30,'San Francisco',' CA'),(31,'San Francisco',' CA'),(32,'Redwood City',' CA'),(33,'San Francisco',' CA'),(34,'Redwood City',' CA'),(35,'San Francisco',' CA'),(36,'Redwood City',' CA'),(37,'San Francisco',' CA'),(38,'Oakland',' CA'),(39,'South San Francisco',' CA'),(40,'Redwood City',' CA'),(41,'South San Francisco',' CA'),(42,'San Francisco',' CA'),(43,'Redwood City',' CA'),(44,'Berkeley',' CA'),(45,'San Francisco',' CA'),(46,'San Francisco',' CA'),(47,'San Francisco',' CA'),(48,'South San Francisco',' CA'),(49,'San Francisco',' CA'),(50,'San Francisco',' CA'),(51,'Oakland',' CA'),(52,'Alameda',' CA'),(53,'San Francisco',' CA'),(54,'Emeryville',' CA'),(55,'San Carlos',' CA'),(56,'San Francisco',' CA'),(57,'San Francisco',' CA'),(58,'San Francisco',' CA'),(59,'San Carlos',' CA'),(60,'Oakland',' CA'),(61,'San Francisco',' CA'),(62,'Union City',' CA'),(63,'San Francisco',' CA'),(64,'San Francisco',' CA'),(65,'Alameda',' CA'),(66,'San Mateo',' CA'),(67,'San Francisco',' CA'),(68,'San Francisco',' CA'),(69,'Burlingame',' CA'),(70,'Oakland',' CA'),(71,'San Francisco',' CA'),(72,'San Mateo',' CA'),(73,'Menlo Park',' CA'),(74,'San Francisco',' CA'),(75,'San Francisco',' CA'),(76,'San Francisco',' CA'),(77,'San Francisco',' CA'),(78,'San Francisco',' CA'),(79,'San Francisco',' CA'),(80,'South San Francisco',' CA'),(81,'San Francisco',' CA'),(82,'San Francisco',' CA'),(83,'San Francisco',' CA'),(84,'San Francisco',' CA'),(85,'San Francisco',' CA'),(86,'Alameda',' CA'),(87,'San Francisco',' CA'),(88,'San Francisco',' CA'),(89,'San Francisco',' CA'),(90,'San Mateo',' CA'),(91,'San Mateo',' CA'),(92,'Oakland',' CA'),(93,'San Francisco',' CA'),(94,'San Francisco',' CA'),(95,'San Francisco',' CA'),(96,'San Carlos',' CA'),(97,'San Francisco',' CA'),(98,'San Francisco',' CA'),(99,'San Francisco',' CA'),(100,'San Francisco',' CA'),(101,'San Francisco',' CA'),(102,'San Francisco',' CA'),(103,'Oakland',' CA'),(104,'San Mateo',' CA'),(105,'San Francisco',' CA'),(106,'San Francisco',' CA'),(107,'San Francisco',' CA'),(108,'San Francisco',' CA'),(109,'San Francisco',' CA'),(110,'San Francisco',' CA'),(111,'San Francisco',' CA'),(112,'San Francisco',' CA'),(113,'San Carlos',' CA'),(114,'San Francisco',' CA'),(115,'South San Francisco',' CA'),(116,'San Francisco',' CA'),(117,'San Francisco',' CA'),(118,'Oakland',' CA'),(119,'San Francisco',' CA'),(120,'San Francisco',' CA'),(121,'Redwood City',' CA'),(122,'San Mateo',' CA'),(123,'San Francisco',' CA'),(124,'San Francisco',' CA'),(125,'San Francisco',' CA'),(126,'Foster City',' CA'),(127,'San Francisco',' CA'),(128,'San Francisco',' CA'),(129,'San Francisco',' CA'),(130,'San Francisco',' CA'),(131,'San Francisco',' CA'),(132,'San Francisco',' CA'),(133,'Oakland',' CA'),(134,'San Francisco',' CA'),(135,'San Francisco',' CA'),(136,'San Francisco',' CA'),(137,'San Francisco',' CA'),(138,'San Francisco',' CA'),(139,'San Francisco',' CA'),(140,'San Carlos',' CA'),(141,'San Francisco',' CA'),(142,'San Francisco',' CA'),(143,'San Francisco',' CA'),(144,'San Francisco',' CA'),(145,'San Francisco',' CA'),(146,'San Carlos',' CA'),(147,'San Francisco',' CA'),(148,'San Francisco',' CA'),(149,'San Francisco',' CA'),(150,'San Francisco',' CA');
/*!40000 ALTER TABLE `job_location` ENABLE KEYS */;
UNLOCK TABLES;

--
-- Table structure for table `job_post`
--

DROP TABLE IF EXISTS `job_post`;
/*!40101 SET @saved_cs_client     = @@character_set_client */;
/*!50503 SET character_set_client = utf8mb4 */;
CREATE TABLE `job_post` (
  `idJob_post` int NOT NULL AUTO_INCREMENT,
  `Job_Title` text NOT NULL,
  `Min_Salary` varchar(10) DEFAULT NULL,
  `Max_Salary` varchar(10) DEFAULT NULL,
  `idCompany` int DEFAULT NULL,
  PRIMARY KEY (`idJob_post`),
  KEY `idCompany` (`idCompany`),
  CONSTRAINT `job_post_ibfk_1` FOREIGN KEY (`idCompany`) REFERENCES `company` (`idCompany`)
) ENGINE=InnoDB AUTO_INCREMENT=151 DEFAULT CHARSET=utf8mb4 COLLATE=utf8mb4_0900_ai_ci;
/*!40101 SET character_set_client = @saved_cs_client */;

--
-- Dumping data for table `job_post`
--

LOCK TABLES `job_post` WRITE;
/*!40000 ALTER TABLE `job_post` DISABLE KEYS */;
INSERT INTO `job_post` VALUES (1,'Data Scientist',NULL,NULL,1),(2,'Data Scientist','100K','161K',2),(3,'Senior Scientist, Cell Manufacturing',NULL,NULL,3),(4,'Data Scientist, LiveRamp Safe Haven','140K','150K',4),(5,'Data Scientist','129K','205K',5),(6,'Quantitative Research Analyst - Nationwide','49K','104K',6),(7,'Data Scientist','111K','175K',7),(8,'Data Scientist','89K','142K',8),(9,'Machine Learning Engineer',NULL,NULL,9),(10,'Senior Business Intelligence (BI) Data Scientist, Small Business Lending','66K','129K',10),(11,'Data Scientist 2 (912)','116K','183K',11),(12,'Associate Scientist Tumor Immunology','59K','126K',12),(13,'Data Scientist -',NULL,NULL,13),(14,'Senior Food Scientist','94K','152K',14),(15,'Principal Data Scientist',NULL,NULL,15),(16,'Data Scientist',NULL,NULL,16),(17,'Machine Learning Engineer','123K','202K',17),(18,'Scientist II, imPACT Clinical Pipeline','77K','164K',18),(19,'Engineering Manager, Data Engineering',NULL,NULL,19),(20,'Director of Data Insights and Analytics','99K','193K',20),(21,'Quantitative Research Associate','52K','109K',21),(22,'Azure Data Scientist - Contractor','120K','191K',22),(23,'Data Scientist, Operations',NULL,NULL,23),(24,'Sr. Data Scientist','77K','124K',24),(25,'Scientist II (Tumor Biology)','74K','150K',25),(26,'Senior Data Scientist (SF)','150K','235K',26),(27,'Senior Machine Learning Scientist, AI Foundation',NULL,NULL,27),(28,'Clinical Laboratory Scientist','47','71',28),(29,'Data Scientist (Generalist)',NULL,NULL,29),(30,'Principal Data Scientist','148K','236K',30),(31,'Senior Data Scientist - Underwriting','127K','199K',31),(32,'Lead Data Scientist',NULL,NULL,32),(33,'Sr. Data Scientist',NULL,NULL,33),(34,'Marketing Automation & Data Science Manager',NULL,NULL,34),(35,'Senior Scientist, Computer Vision/Machine Learning',NULL,NULL,35),(36,'Scientist/Machine Learning Engineer, Applied Science',NULL,NULL,36),(37,'Director of Data Science & Analytics',NULL,NULL,37),(38,'Sr. Data Analyst',NULL,NULL,38),(39,'Scientist - Bioengineering',NULL,NULL,39),(40,'Automated Cell Based Assay Scientist',NULL,NULL,40),(41,'Staff Data Scientist',NULL,NULL,41),(42,'Data Analyst',NULL,NULL,42),(43,'Senior Data Scientist, Education',NULL,NULL,43),(44,'Senior Research Associate/ Associate Scientist',NULL,NULL,44),(45,'Machine Learning Engineer - Infrastructure',NULL,NULL,45),(46,'Data Scientist',NULL,NULL,46),(47,'Senior Data Scientist - Marketplace Optimization',NULL,NULL,47),(48,'Scientist, Process Development',NULL,NULL,48),(49,'Research Scientist 1',NULL,NULL,49),(50,'Lead Data Scientist - Experimentation & Inference',NULL,NULL,50),(51,'Data Scientist',NULL,NULL,51),(52,'Associate Research Scientist I (Pharmacology, PD/Efficacy)',NULL,NULL,52),(53,'Programmatic Data Analyst',NULL,NULL,53),(54,'Scientist 3, Process Analytical Chemistry (602)',NULL,NULL,54),(55,'Director, Clinical Data Management',NULL,NULL,55),(56,'Data Scientist',NULL,NULL,56),(57,'Machine Learning Engineer',NULL,NULL,57),(58,'Data Scientist',NULL,NULL,58),(59,'Associate Director Oncology Product Management, Data Products',NULL,NULL,59),(60,'Data Scientist',NULL,NULL,60),(61,'Data Scientist',NULL,NULL,61),(62,'Senior Scientist',NULL,NULL,62),(63,'Senior Data Analyst',NULL,NULL,63),(64,'Data Scientist',NULL,NULL,64),(65,'Scientist II (Pharmacokinetics)',NULL,NULL,65),(66,'Data Scientist',NULL,NULL,66),(67,'Principal Full Stack Big Data Engineer',NULL,NULL,67),(68,'Data Scientist',NULL,NULL,68),(69,'Data Scientist',NULL,NULL,69),(70,'Principal Data Engineer',NULL,NULL,70),(71,'Data Scientist',NULL,NULL,71),(72,'Data Scientist (Customer Experience) (Remote)',NULL,NULL,72),(73,'Data Scientist',NULL,NULL,73),(74,'Data Scientist, Product Analytics',NULL,NULL,74),(75,'Data Scientist',NULL,NULL,75),(76,'Data Scientist',NULL,NULL,76),(77,'Data Scientist, Forecasting',NULL,NULL,77),(78,'Principal Machine Learning Scientist',NULL,NULL,78),(79,'Data Scientist, Square Appointments',NULL,NULL,79),(80,'Scientist, Discovery Biology',NULL,NULL,80),(81,'Data Scientist, Analytics',NULL,NULL,81),(82,'Data Scientist',NULL,NULL,82),(83,'Data Scientist',NULL,NULL,83),(84,'Data Scientist',NULL,NULL,84),(85,'Data Scientist',NULL,NULL,85),(86,'Assistant Research Scientist II (Pharmacology, PK/Tox)',NULL,NULL,86),(87,'Data Scientist',NULL,NULL,87),(88,'Data Scientist - Machine Learning',NULL,NULL,88),(89,'Data Scientist',NULL,NULL,89),(90,'Senior Software Engineer, Big Data',NULL,NULL,90),(91,'Data Scientist',NULL,NULL,91),(92,'Data Scientist',NULL,NULL,92),(93,'Senior Data Scientist - Business Solutions',NULL,NULL,93),(94,'Data Scientist',NULL,NULL,94),(95,'Data Scientist - Analytics',NULL,NULL,95),(96,'Data Scientist',NULL,NULL,96),(97,'Data Scientist - Analytics',NULL,NULL,97),(98,'Data Scientist',NULL,NULL,98),(99,'Data Scientist',NULL,NULL,99),(100,'Data Scientist',NULL,NULL,100),(101,'Data Scientist',NULL,NULL,101),(102,'Data Scientist (ML), Intern / New Grad',NULL,NULL,102),(103,'Data Scientist (W2 Contract)',NULL,NULL,103),(104,'Data Scientist - Discovery',NULL,NULL,104),(105,'Data Scientist',NULL,NULL,105),(106,'Data Scientist - Analytics',NULL,NULL,106),(107,'Marketing Data Scientist',NULL,NULL,107),(108,'Staff or Senior Machine Learning Scientist',NULL,NULL,108),(109,'Data Scientist, Point of Sale & Customers',NULL,NULL,109),(110,'Data Scientist, Engineering',NULL,NULL,110),(111,'Data Scientist',NULL,NULL,111),(112,'Data Scientist, Consumer Insights',NULL,NULL,112),(113,'Sales Strategy & Analytics Manager',NULL,NULL,113),(114,'Data Scientist',NULL,NULL,114),(115,'Scientist, Immune CAR Cell Therapy',NULL,NULL,115),(116,'Data Scientist',NULL,NULL,116),(117,'Data Scientist',NULL,NULL,117),(118,'Data Scientist',NULL,NULL,118),(119,'Data Scientist (Natural Language Processing)',NULL,NULL,119),(120,'Data Scientist',NULL,NULL,120),(121,'Data Scientist',NULL,NULL,121),(122,'Data Scientist - Security',NULL,NULL,122),(123,'Analytics Manager, Growth Product Analytics',NULL,NULL,123),(124,'(Lead Data Scientist) \\ Lead Product Analyst',NULL,NULL,124),(125,'Data Scientist - Pricing',NULL,NULL,125),(126,'Data Scientist',NULL,NULL,126),(127,'Data Analyst - Performance Marketing',NULL,NULL,127),(128,'PICI Genomic Data Scientist',NULL,NULL,128),(129,'Data Scientist , SMB',NULL,NULL,129),(130,'Data Scientist',NULL,NULL,130),(131,'Data Scientist - Shop Recommendations',NULL,NULL,131),(132,'Analytics Manager, Consumer Experience Product Analytics',NULL,NULL,132),(133,'Data Scientist',NULL,NULL,133),(134,'Data Scientist/ML Engineer',NULL,NULL,134),(135,'Data Scientist',NULL,NULL,135),(136,'Data Scientist',NULL,NULL,136),(137,'Data Scientist, Content Planning & Analysis',NULL,NULL,137),(138,'Data Scientist, Marketing',NULL,NULL,138),(139,'Data Scientist',NULL,NULL,139),(140,'Data Scientist',NULL,NULL,140),(141,'Data Analyst (SEO)',NULL,NULL,141),(142,'Data Scientist',NULL,NULL,142),(143,'EHR Billing & Data Analyst',NULL,NULL,143),(144,'Product/Growth Data Scientist',NULL,NULL,144),(145,'Data Scientist ($250k - $375k)',NULL,NULL,145),(146,'Sr. Manager, Data Science - Fraud & ML Platform',NULL,NULL,146),(147,'Applied Research Scientist',NULL,NULL,147),(148,'Data scientist',NULL,NULL,148),(149,'Data Scientist, Machine Learning innovator',NULL,NULL,149),(150,'Data Scientist',NULL,NULL,150);
/*!40000 ALTER TABLE `job_post` ENABLE KEYS */;
UNLOCK TABLES;

--
-- Table structure for table `job_post_location`
--

DROP TABLE IF EXISTS `job_post_location`;
/*!40101 SET @saved_cs_client     = @@character_set_client */;
/*!50503 SET character_set_client = utf8mb4 */;
CREATE TABLE `job_post_location` (
  `idJob_post_location` int NOT NULL AUTO_INCREMENT,
  `idJob_post` int DEFAULT NULL,
  `idJob_location` int DEFAULT NULL,
  PRIMARY KEY (`idJob_post_location`),
  KEY `idJob_post` (`idJob_post`),
  KEY `idJob_location` (`idJob_location`),
  CONSTRAINT `job_post_location_ibfk_1` FOREIGN KEY (`idJob_post`) REFERENCES `job_post` (`idJob_post`),
  CONSTRAINT `job_post_location_ibfk_2` FOREIGN KEY (`idJob_location`) REFERENCES `job_location` (`idJob_location`)
) ENGINE=InnoDB AUTO_INCREMENT=151 DEFAULT CHARSET=utf8mb4 COLLATE=utf8mb4_0900_ai_ci;
/*!40101 SET character_set_client = @saved_cs_client */;

--
-- Dumping data for table `job_post_location`
--

LOCK TABLES `job_post_location` WRITE;
/*!40000 ALTER TABLE `job_post_location` DISABLE KEYS */;
INSERT INTO `job_post_location` VALUES (1,1,1),(2,2,2),(3,3,3),(4,4,4),(5,5,5),(6,6,6),(7,7,7),(8,8,8),(9,9,9),(10,10,10),(11,11,11),(12,12,12),(13,13,13),(14,14,14),(15,15,15),(16,16,16),(17,17,17),(18,18,18),(19,19,19),(20,20,20),(21,21,21),(22,22,22),(23,23,23),(24,24,24),(25,25,25),(26,26,26),(27,27,27),(28,28,28),(29,29,29),(30,30,30),(31,31,31),(32,32,32),(33,33,33),(34,34,34),(35,35,35),(36,36,36),(37,37,37),(38,38,38),(39,39,39),(40,40,40),(41,41,41),(42,42,42),(43,43,43),(44,44,44),(45,45,45),(46,46,46),(47,47,47),(48,48,48),(49,49,49),(50,50,50),(51,51,51),(52,52,52),(53,53,53),(54,54,54),(55,55,55),(56,56,56),(57,57,57),(58,58,58),(59,59,59),(60,60,60),(61,61,61),(62,62,62),(63,63,63),(64,64,64),(65,65,65),(66,66,66),(67,67,67),(68,68,68),(69,69,69),(70,70,70),(71,71,71),(72,72,72),(73,73,73),(74,74,74),(75,75,75),(76,76,76),(77,77,77),(78,78,78),(79,79,79),(80,80,80),(81,81,81),(82,82,82),(83,83,83),(84,84,84),(85,85,85),(86,86,86),(87,87,87),(88,88,88),(89,89,89),(90,90,90),(91,91,91),(92,92,92),(93,93,93),(94,94,94),(95,95,95),(96,96,96),(97,97,97),(98,98,98),(99,99,99),(100,100,100),(101,101,101),(102,102,102),(103,103,103),(104,104,104),(105,105,105),(106,106,106),(107,107,107),(108,108,108),(109,109,109),(110,110,110),(111,111,111),(112,112,112),(113,113,113),(114,114,114),(115,115,115),(116,116,116),(117,117,117),(118,118,118),(119,119,119),(120,120,120),(121,121,121),(122,122,122),(123,123,123),(124,124,124),(125,125,125),(126,126,126),(127,127,127),(128,128,128),(129,129,129),(130,130,130),(131,131,131),(132,132,132),(133,133,133),(134,134,134),(135,135,135),(136,136,136),(137,137,137),(138,138,138),(139,139,139),(140,140,140),(141,141,141),(142,142,142),(143,143,143),(144,144,144),(145,145,145),(146,146,146),(147,147,147),(148,148,148),(149,149,149),(150,150,150);
/*!40000 ALTER TABLE `job_post_location` ENABLE KEYS */;
UNLOCK TABLES;

--
-- Table structure for table `ratings`
--

DROP TABLE IF EXISTS `ratings`;
/*!40101 SET @saved_cs_client     = @@character_set_client */;
/*!50503 SET character_set_client = utf8mb4 */;
CREATE TABLE `ratings` (
  `Overall` float DEFAULT NULL,
  `idRatings` int NOT NULL AUTO_INCREMENT,
  `Culture & Values` float DEFAULT NULL,
  `Diversity & Inclusion` float DEFAULT NULL,
  `Work/Life Balance` float DEFAULT NULL,
  `Senior Management` float DEFAULT NULL,
  `Comp & Benefits` float DEFAULT NULL,
  `Career Opportunities` float DEFAULT NULL,
  PRIMARY KEY (`idRatings`)
) ENGINE=InnoDB AUTO_INCREMENT=151 DEFAULT CHARSET=utf8mb4 COLLATE=utf8mb4_0900_ai_ci;
/*!40101 SET character_set_client = @saved_cs_client */;

--
-- Dumping data for table `ratings`
--

LOCK TABLES `ratings` WRITE;
/*!40000 ALTER TABLE `ratings` DISABLE KEYS */;
INSERT INTO `ratings` VALUES (4.2,1,4.3,3,4.4,4.3,4.1,4.1),(5,2,5,4.7,4.5,4.9,4.7,4.9),(NULL,3,NULL,NULL,NULL,NULL,NULL,NULL),(4.3,4,4.4,4.4,4.3,4.2,4.4,4.4),(3.8,5,4,4.1,3.8,3.5,4.1,3.9),(3.6,6,3.8,2,3.8,3.7,3.3,3.3),(4.6,7,4.6,4.7,3.7,4.6,4.6,4.6),(4,8,4,4.2,4,3.8,4,3.9),(4.1,9,4.3,4,3.7,4.1,4.6,4.4),(3.8,10,4,3,3.9,3.4,3.2,2.7),(3.9,11,3.5,4.5,3.6,2.9,4,3.3),(3.5,12,3.7,4.3,3.4,3.5,3.9,4),(4.7,13,4.5,4,4.8,4.8,4.7,4.7),(3.5,14,3.7,NULL,4.3,3,3.6,3.2),(4.5,15,4.2,NULL,4.3,4.1,3.7,3.7),(NULL,16,NULL,NULL,NULL,NULL,NULL,NULL),(3.6,17,3.6,4,4.1,3,3.8,3.5),(3.5,18,3.7,4.3,3.4,3.5,3.9,4),(4.3,19,4.4,4.3,4.3,4.2,4.1,4.1),(4.8,20,4.9,5,4.9,4.8,4.8,4.6),(4,21,3.9,5,3.8,4,3.2,3.2),(3.9,22,3.9,4.2,2.9,3.5,3.5,4.1),(4.5,23,4.8,5,4.1,4.8,4.3,4.6),(4,24,4.1,4.8,4,3.8,4.3,3.8),(3.3,25,3.1,4,3.5,2.9,3.6,3.1),(3.3,26,3.2,3,3.3,3.1,3.9,3.5),(4.6,27,4.8,3.4,4,4,4.6,4.4),(3.4,28,3.2,1,3.5,2.9,3.9,3.4),(4.5,29,4.8,5,4.1,4.8,4.3,4.6),(3.6,30,3.6,4,4.1,3,3.8,3.5),(4.4,31,4.3,5,3.6,4.3,4.4,4.2),(NULL,32,NULL,NULL,NULL,NULL,NULL,NULL),(3.9,33,3.9,4.8,3.8,3.7,4.1,3.8),(4,34,4.2,NULL,4.2,3.9,3.9,3.9),(4,35,4.1,4.3,3.8,3.7,4,3.9),(3.9,36,3.9,4.3,4.1,3.6,4.1,3.8),(3.9,37,3.8,3,4.3,3.3,4.2,3.7),(NULL,38,NULL,NULL,NULL,NULL,NULL,NULL),(5,39,5,5,4.7,4.8,4.8,4.9),(4,40,3.9,4.5,4.2,4.1,3.6,3.3),(4.5,41,4.7,NULL,3.7,4.4,4.3,4.5),(4.2,42,4.3,5,4,4,4,3.8),(3.6,43,3.6,3.6,4.5,3.3,4.1,3.4),(3.3,44,2.8,3,3.2,2.9,3.4,3.3),(4.5,45,4.6,4,4.1,4.2,3.9,3.9),(3.8,46,3.9,1,4.2,3.3,4.3,3.6),(4.4,47,4.3,5,3.6,4.3,4.4,4.2),(5,48,5,5,4.7,4.8,4.8,4.9),(3.3,49,3.3,3.7,3.1,2.9,3.3,3.2),(4.4,50,4.3,5,3.6,4.3,4.4,4.2),(4.2,51,4.3,3,4.4,4.3,4.1,4.1),(3.3,52,3.1,4,3.5,2.9,3.6,3.1),(3.3,53,3.4,3.8,4.1,3,3.3,3.1),(3.9,54,3.5,4.5,3.6,2.9,4,3.3),(4,55,4,4.2,4,3.8,4,3.9),(3.6,56,3.3,NULL,4.1,2.7,2.8,3.3),(4.5,57,4.8,NULL,4.5,4.7,3.8,4.4),(4.1,58,4.1,NULL,3.4,3.8,4.2,4.2),(4,59,4,4.2,4,3.8,4,3.9),(4,60,3.8,4,3.7,3.3,4.5,3.7),(4.9,61,5,4.6,4.8,4.8,4.5,4.7),(NULL,62,NULL,NULL,NULL,NULL,NULL,NULL),(4.7,63,4.5,4,4.8,4.8,4.7,4.7),(4.8,64,4.7,5,4.4,4.5,4.2,4.7),(3.3,65,3.1,4,3.5,2.9,3.6,3.1),(5,66,5,5,4.7,5,4.9,5),(4.5,67,4.5,4.9,4.5,4.2,4.5,4.3),(3.6,68,3.5,3.2,3.5,3.1,3.3,3.1),(5,69,5,NULL,4.4,5,4.8,5),(3.5,70,3.4,3.8,3.2,2.9,4.2,3.2),(4,71,4,4.4,3.7,3.4,4.1,3.8),(3.5,72,3.4,NULL,3.3,3.2,3.6,3.6),(3.4,73,2.8,1.9,2.7,2.7,3.4,3.3),(3.6,74,4.2,4.4,3.6,3.6,3.4,3.3),(3.9,75,4.3,NULL,3,4.3,4,4),(3.8,76,3.7,NULL,3.4,3.8,3.4,4),(3.4,77,2.9,NULL,4.1,2.9,2.9,3.2),(4.8,78,4.9,4.9,4.8,4.7,4.5,4.5),(4.1,79,4.2,4.7,3.9,3.8,4.1,4),(3.5,80,3.2,4,3.2,3.5,3.1,2.9),(4,81,3.8,4.4,4,3.4,3.7,3.5),(NULL,82,NULL,NULL,NULL,NULL,NULL,NULL),(4.7,83,4.5,4,4.8,4.8,4.7,4.7),(4.3,84,4.2,NULL,4.2,3.9,3.7,3.9),(3.1,85,3.1,2.9,3.2,2.8,3.9,3),(3.3,86,3.1,4,3.5,2.9,3.6,3.1),(3.6,87,3.6,4,3.5,3,3.4,3.3),(4.7,88,4.7,NULL,4.1,4.5,4.5,4.6),(4.9,89,5,4.8,4.4,5,4.7,4.9),(3.8,90,4.2,4.2,4.1,3.1,3.9,3.3),(4.4,91,4.5,5,4.6,4.4,4.3,4.1),(4.1,92,4,3.9,4,3.8,3.8,4.1),(4.5,93,4.6,4,4.1,4.2,3.9,3.9),(3.4,94,3.4,3.4,3.4,2.9,3.6,3.2),(4.7,95,4.7,NULL,4.1,4.5,4.5,4.6),(4,96,4.3,NULL,2.6,3.5,3.7,3.8),(NULL,97,NULL,NULL,NULL,NULL,NULL,NULL),(3.8,98,3.3,3.6,3.6,3.2,3.8,3.2),(4.2,99,4.1,4.4,3.8,3.7,3.5,3.9),(3.1,100,3.3,3.5,3.4,3,2.9,3.2),(3.6,101,4,4.8,3.9,3.8,3.3,3.7),(4,102,3.8,4.4,4,3.4,3.7,3.5),(4.2,103,4.3,3,4.4,4.3,4.1,4.1),(4.6,104,4.5,4.3,4.4,4,4.5,4.3),(NULL,105,NULL,NULL,NULL,NULL,NULL,NULL),(NULL,106,NULL,NULL,NULL,NULL,NULL,NULL),(3.3,107,3.3,3.7,3.2,3.1,3.9,3.2),(3.5,108,3.6,3.3,3.7,3.2,3.9,3.4),(4.1,109,4.2,4.7,3.9,3.8,4.1,4),(NULL,110,NULL,NULL,NULL,NULL,NULL,NULL),(5,111,5,NULL,5,4.7,4,4.7),(3.8,112,3.7,3.8,3.4,3,3.9,3.4),(4,113,4,4.2,4,3.8,4,3.9),(4,114,3.9,4.1,3.9,3.4,3.4,3.7),(2.9,115,2.9,1,2.9,2.4,3,2.4),(NULL,116,NULL,NULL,NULL,NULL,NULL,NULL),(3.7,117,3.7,3.7,3.7,3.1,3.2,3.6),(NULL,118,NULL,NULL,NULL,NULL,NULL,NULL),(4.8,119,4.9,5,4.8,4.8,4.8,4.9),(3.2,120,3.4,3.7,3.8,2.6,3.3,2.7),(4.6,121,4.5,NULL,4,4.2,3.7,5),(4.3,122,4.1,4.2,3.9,4.1,4.4,4.1),(4.8,123,4.9,4.4,4.5,4.6,4.6,4.7),(4,124,4.1,4,3.9,3.9,3.7,3.6),(3.7,125,3.7,2.7,3.5,3.4,3.8,3.5),(4.2,126,4.4,4.1,4.2,4.2,4.1,4.2),(3.5,127,3.5,3.5,3.3,2.8,3.9,3.3),(4,128,4,NULL,3,4,5,3),(4.1,129,4.4,4.5,4.1,3.6,4.1,3.7),(NULL,130,NULL,NULL,NULL,NULL,NULL,NULL),(3.5,131,3.5,3.7,3.9,3.2,3.1,2.7),(4.8,132,4.9,4.4,4.5,4.6,4.6,4.7),(3.6,133,3.6,NULL,3.8,3.6,3.3,3.5),(3.8,134,3.7,1,3.4,3.7,3.3,3.7),(3.2,135,3.2,3,2.8,2.7,2.6,3),(4.2,136,4.3,4.3,4,4.2,4.2,4.1),(3.8,137,3.7,4.2,3.8,3.1,3.5,2.9),(3.5,138,3.5,3.5,3.3,2.8,3.9,3.3),(5,139,5,3,5,5,5,5),(NULL,140,NULL,NULL,NULL,NULL,NULL,NULL),(3.4,141,3.8,NULL,4.2,3,4.4,3.4),(4.9,142,4.9,1,4.8,4.9,4.9,4.9),(3.4,143,3.8,5,3.2,3.2,3,3.3),(4,144,4,5,3.8,3.9,4,3.8),(4.7,145,4.5,4,4.8,4.8,4.7,4.7),(4.2,146,4.2,4.9,4.1,3.9,4,3.9),(5,147,5,4.7,4.5,4.9,4.7,4.9),(3.9,148,3.3,NULL,3.3,3.3,3.3,3.3),(3.8,149,3.7,3.8,3.6,3.3,3.7,3.6),(NULL,150,NULL,NULL,NULL,NULL,NULL,NULL);
/*!40000 ALTER TABLE `ratings` ENABLE KEYS */;
UNLOCK TABLES;
/*!40103 SET TIME_ZONE=@OLD_TIME_ZONE */;

/*!40101 SET SQL_MODE=@OLD_SQL_MODE */;
/*!40014 SET FOREIGN_KEY_CHECKS=@OLD_FOREIGN_KEY_CHECKS */;
/*!40014 SET UNIQUE_CHECKS=@OLD_UNIQUE_CHECKS */;
/*!40101 SET CHARACTER_SET_CLIENT=@OLD_CHARACTER_SET_CLIENT */;
/*!40101 SET CHARACTER_SET_RESULTS=@OLD_CHARACTER_SET_RESULTS */;
/*!40101 SET COLLATION_CONNECTION=@OLD_COLLATION_CONNECTION */;
/*!40111 SET SQL_NOTES=@OLD_SQL_NOTES */;

-- Dump completed on 2020-12-20 13:38:14
