-- MySQL dump 10.13  Distrib 8.0.22, for macos10.15 (x86_64)
--
-- Host: localhost    Database: charlottegd
-- ------------------------------------------------------
-- Server version	8.0.21

/*!40101 SET @OLD_CHARACTER_SET_CLIENT=@@CHARACTER_SET_CLIENT */;
/*!40101 SET @OLD_CHARACTER_SET_RESULTS=@@CHARACTER_SET_RESULTS */;
/*!40101 SET @OLD_COLLATION_CONNECTION=@@COLLATION_CONNECTION */;
/*!50503 SET NAMES utf8 */;
/*!40103 SET @OLD_TIME_ZONE=@@TIME_ZONE */;
/*!40103 SET TIME_ZONE='+00:00' */;
/*!40014 SET @OLD_UNIQUE_CHECKS=@@UNIQUE_CHECKS, UNIQUE_CHECKS=0 */;
/*!40014 SET @OLD_FOREIGN_KEY_CHECKS=@@FOREIGN_KEY_CHECKS, FOREIGN_KEY_CHECKS=0 */;
/*!40101 SET @OLD_SQL_MODE=@@SQL_MODE, SQL_MODE='NO_AUTO_VALUE_ON_ZERO' */;
/*!40111 SET @OLD_SQL_NOTES=@@SQL_NOTES, SQL_NOTES=0 */;

--
-- Table structure for table `Company`
--

DROP TABLE IF EXISTS `Company`;
/*!40101 SET @saved_cs_client     = @@character_set_client */;
/*!50503 SET character_set_client = utf8mb4 */;
CREATE TABLE `Company` (
  `idCompany` int NOT NULL AUTO_INCREMENT,
  `Company_name` varchar(45) NOT NULL,
  `Size` varchar(45) DEFAULT NULL,
  `Revenue` text,
  `Sector` text,
  `Industry` varchar(50) DEFAULT NULL,
  `Type` varchar(50) DEFAULT NULL,
  `Founded` int DEFAULT NULL,
  `idRatings` int DEFAULT NULL,
  PRIMARY KEY (`idCompany`),
  KEY `idRatings` (`idRatings`),
  CONSTRAINT `company_ibfk_1` FOREIGN KEY (`idRatings`) REFERENCES `Ratings` (`idRatings`)
) ENGINE=InnoDB AUTO_INCREMENT=301 DEFAULT CHARSET=utf8mb4 COLLATE=utf8mb4_0900_ai_ci;
/*!40101 SET character_set_client = @saved_cs_client */;

--
-- Dumping data for table `Company`
--

LOCK TABLES `Company` WRITE;
/*!40000 ALTER TABLE `Company` DISABLE KEYS */;
INSERT INTO `Company` VALUES (1,'General Dynamics Information Technology','10000+ Employees','$10+ billion (USD)','Information Technology','IT Services','Subsidiary or Business Segment',1996,1),(2,'BTS Software Solutions','51 to 200 Employees','Unknown / Non-Applicable','Government','Federal Agencies','Company - Private',2011,2),(3,'Factory_OS',NULL,NULL,NULL,NULL,NULL,NULL,3),(4,'Novetta','501 to 1000 Employees','$100 to $500 million (USD)','Information Technology','Enterprise Software & Network Solutions','Company - Private',2012,4),(5,'CaptiveAire, Inc.',NULL,NULL,NULL,NULL,NULL,NULL,5),(6,'ManTech International Corporation','5001 to 10000 Employees','$1 to $2 billion (USD)','Business Services','Research & Development','Company - Public',1968,6),(7,'Alliant Cooperative Data Solutions','1 to 50 Employees','$5 to $10 million (USD)','Business Services','Advertising & Marketing','Company - Private',2003,7),(8,'Netkinetix Inc.',NULL,NULL,NULL,NULL,NULL,NULL,8),(9,'Anark',NULL,NULL,NULL,NULL,NULL,NULL,9),(10,'Orbis','1001 to 5000 Employees','Unknown / Non-Applicable','Education','Colleges & Universities','Company - Public',1983,10),(11,'NMR Consulting','51 to 200 Employees','$25 to $50 million (USD)','Information Technology','IT Services','Company - Private',1996,11),(12,'Laborie Medical Technologies','51 to 200 Employees','$10 to $25 million (USD)',NULL,NULL,'Company - Private',NULL,12),(13,'Waystar','501 to 1000 Employees','Unknown / Non-Applicable','Information Technology','Enterprise Software & Network Solutions','Company - Private',NULL,13),(14,'ClinIntell',NULL,NULL,NULL,NULL,NULL,NULL,14),(15,'Anark',NULL,NULL,NULL,NULL,NULL,NULL,15),(16,'Communications Data Group, Inc',NULL,NULL,NULL,NULL,NULL,NULL,16),(17,'DCI Solutions','1 to 50 Employees','Less than $1 million (USD)',NULL,NULL,'Contract',NULL,17),(18,'STRAND',NULL,NULL,NULL,NULL,NULL,NULL,18),(19,'W.Eid Resources',NULL,NULL,NULL,NULL,NULL,NULL,19),(20,'Beauty Industry Group','201 to 500 Employees','$100 to $500 million (USD)','Consumer Services','Health, Beauty, & Fitness','Company - Private',2004,20),(21,'E-Com Advisers LLC',NULL,NULL,NULL,NULL,NULL,NULL,21),(22,'Market Wagon',NULL,NULL,NULL,NULL,NULL,NULL,22),(23,'AEXGroup',NULL,NULL,NULL,NULL,NULL,NULL,23),(24,'Georgia Southern University','1001 to 5000 Employees','$100 to $500 million (USD)','Education','Colleges & Universities','College / University',1906,24),(25,'Queensboro Shirt Company','51 to 200 Employees','$10 to $25 million (USD)','Business Services','Advertising & Marketing','Company - Private',1982,25),(26,'Cenergy International Services',NULL,NULL,NULL,NULL,NULL,NULL,26),(27,'Confidential',NULL,NULL,NULL,NULL,NULL,NULL,27),(28,'Murray Equipment, Inc.','51 to 200 Employees','$50 to $100 million (USD)','Manufacturing','Industrial Manufacturing','Company - Public',NULL,28),(29,'Confidential-Manufacturing',NULL,NULL,NULL,NULL,NULL,NULL,29),(30,'GEICO','10000+ Employees','$10+ billion (USD)','Insurance','Insurance Carriers','Subsidiary or Business Segment',1936,30),(31,'SCRAM Systems','1 to 50 Employees','Less than $1 million (USD)',NULL,NULL,'Company - Private',1997,31),(32,'Knight Wall Systems, Inc.','51 to 200 Employees','Less than $1 million (USD)','Construction, Repair & Maintenance','Construction','Company - Public',NULL,32),(33,'General Dynamics Information Technology','10000+ Employees','$10+ billion (USD)','Information Technology','IT Services','Subsidiary or Business Segment',1996,33),(34,'BTS Software Solutions','51 to 200 Employees','Unknown / Non-Applicable','Government','Federal Agencies','Company - Private',2011,34),(35,'Factory_OS',NULL,NULL,NULL,NULL,NULL,NULL,35),(36,'Novetta','501 to 1000 Employees','$100 to $500 million (USD)','Information Technology','Enterprise Software & Network Solutions','Company - Private',2012,36),(37,'CaptiveAire, Inc.',NULL,NULL,NULL,NULL,NULL,NULL,37),(38,'ManTech International Corporation','5001 to 10000 Employees','$1 to $2 billion (USD)','Business Services','Research & Development','Company - Public',1968,38),(39,'Alliant Cooperative Data Solutions','1 to 50 Employees','$5 to $10 million (USD)','Business Services','Advertising & Marketing','Company - Private',2003,39),(40,'Netkinetix Inc.',NULL,NULL,NULL,NULL,NULL,NULL,40),(41,'Anark',NULL,NULL,NULL,NULL,NULL,NULL,41),(42,'Orbis','1001 to 5000 Employees','Unknown / Non-Applicable','Education','Colleges & Universities','Company - Public',1983,42),(43,'NMR Consulting','51 to 200 Employees','$25 to $50 million (USD)','Information Technology','IT Services','Company - Private',1996,43),(44,'Laborie Medical Technologies','51 to 200 Employees','$10 to $25 million (USD)',NULL,NULL,'Company - Private',NULL,44),(45,'Waystar','501 to 1000 Employees','Unknown / Non-Applicable','Information Technology','Enterprise Software & Network Solutions','Company - Private',NULL,45),(46,'ClinIntell',NULL,NULL,NULL,NULL,NULL,NULL,46),(47,'Anark',NULL,NULL,NULL,NULL,NULL,NULL,47),(48,'Communications Data Group, Inc',NULL,NULL,NULL,NULL,NULL,NULL,48),(49,'DCI Solutions','1 to 50 Employees','Less than $1 million (USD)',NULL,NULL,'Contract',NULL,49),(50,'STRAND',NULL,NULL,NULL,NULL,NULL,NULL,50),(51,'W.Eid Resources',NULL,NULL,NULL,NULL,NULL,NULL,51),(52,'Beauty Industry Group','201 to 500 Employees','$100 to $500 million (USD)','Consumer Services','Health, Beauty, & Fitness','Company - Private',2004,52),(53,'E-Com Advisers LLC',NULL,NULL,NULL,NULL,NULL,NULL,53),(54,'Market Wagon',NULL,NULL,NULL,NULL,NULL,NULL,54),(55,'AEXGroup',NULL,NULL,NULL,NULL,NULL,NULL,55),(56,'Georgia Southern University','1001 to 5000 Employees','$100 to $500 million (USD)','Education','Colleges & Universities','College / University',1906,56),(57,'Queensboro Shirt Company','51 to 200 Employees','$10 to $25 million (USD)','Business Services','Advertising & Marketing','Company - Private',1982,57),(58,'Cenergy International Services',NULL,NULL,NULL,NULL,NULL,NULL,58),(59,'Confidential',NULL,NULL,NULL,NULL,NULL,NULL,59),(60,'Murray Equipment, Inc.','51 to 200 Employees','$50 to $100 million (USD)','Manufacturing','Industrial Manufacturing','Company - Public',NULL,60),(61,'Confidential-Manufacturing',NULL,NULL,NULL,NULL,NULL,NULL,61),(62,'GEICO','10000+ Employees','$10+ billion (USD)','Insurance','Insurance Carriers','Subsidiary or Business Segment',1936,62),(63,'SCRAM Systems','1 to 50 Employees','Less than $1 million (USD)',NULL,NULL,'Company - Private',1997,63),(64,'Knight Wall Systems, Inc.','51 to 200 Employees','Less than $1 million (USD)','Construction, Repair & Maintenance','Construction','Company - Public',NULL,64),(65,'General Dynamics Information Technology','10000+ Employees','$10+ billion (USD)','Information Technology','IT Services','Subsidiary or Business Segment',1996,65),(66,'BTS Software Solutions','51 to 200 Employees','Unknown / Non-Applicable','Government','Federal Agencies','Company - Private',2011,66),(67,'Factory_OS',NULL,NULL,NULL,NULL,NULL,NULL,67),(68,'Novetta','501 to 1000 Employees','$100 to $500 million (USD)','Information Technology','Enterprise Software & Network Solutions','Company - Private',2012,68),(69,'CaptiveAire, Inc.',NULL,NULL,NULL,NULL,NULL,NULL,69),(70,'ManTech International Corporation','5001 to 10000 Employees','$1 to $2 billion (USD)','Business Services','Research & Development','Company - Public',1968,70),(71,'Alliant Cooperative Data Solutions','1 to 50 Employees','$5 to $10 million (USD)','Business Services','Advertising & Marketing','Company - Private',2003,71),(72,'Netkinetix Inc.',NULL,NULL,NULL,NULL,NULL,NULL,72),(73,'Anark',NULL,NULL,NULL,NULL,NULL,NULL,73),(74,'Orbis','1001 to 5000 Employees','Unknown / Non-Applicable','Education','Colleges & Universities','Company - Public',1983,74),(75,'NMR Consulting','51 to 200 Employees','$25 to $50 million (USD)','Information Technology','IT Services','Company - Private',1996,75),(76,'Laborie Medical Technologies','51 to 200 Employees','$10 to $25 million (USD)',NULL,NULL,'Company - Private',NULL,76),(77,'Waystar','501 to 1000 Employees','Unknown / Non-Applicable','Information Technology','Enterprise Software & Network Solutions','Company - Private',NULL,77),(78,'ClinIntell',NULL,NULL,NULL,NULL,NULL,NULL,78),(79,'Anark',NULL,NULL,NULL,NULL,NULL,NULL,79),(80,'Communications Data Group, Inc',NULL,NULL,NULL,NULL,NULL,NULL,80),(81,'DCI Solutions','1 to 50 Employees','Less than $1 million (USD)',NULL,NULL,'Contract',NULL,81),(82,'STRAND',NULL,NULL,NULL,NULL,NULL,NULL,82),(83,'W.Eid Resources',NULL,NULL,NULL,NULL,NULL,NULL,83),(84,'Beauty Industry Group','201 to 500 Employees','$100 to $500 million (USD)','Consumer Services','Health, Beauty, & Fitness','Company - Private',2004,84),(85,'E-Com Advisers LLC',NULL,NULL,NULL,NULL,NULL,NULL,85),(86,'Market Wagon',NULL,NULL,NULL,NULL,NULL,NULL,86),(87,'AEXGroup',NULL,NULL,NULL,NULL,NULL,NULL,87),(88,'Georgia Southern University','1001 to 5000 Employees','$100 to $500 million (USD)','Education','Colleges & Universities','College / University',1906,88),(89,'Queensboro Shirt Company','51 to 200 Employees','$10 to $25 million (USD)','Business Services','Advertising & Marketing','Company - Private',1982,89),(90,'Cenergy International Services',NULL,NULL,NULL,NULL,NULL,NULL,90),(91,'Confidential',NULL,NULL,NULL,NULL,NULL,NULL,91),(92,'Murray Equipment, Inc.','51 to 200 Employees','$50 to $100 million (USD)','Manufacturing','Industrial Manufacturing','Company - Public',NULL,92),(93,'Confidential-Manufacturing',NULL,NULL,NULL,NULL,NULL,NULL,93),(94,'GEICO','10000+ Employees','$10+ billion (USD)','Insurance','Insurance Carriers','Subsidiary or Business Segment',1936,94),(95,'SCRAM Systems','1 to 50 Employees','Less than $1 million (USD)',NULL,NULL,'Company - Private',1997,95),(96,'Knight Wall Systems, Inc.','51 to 200 Employees','Less than $1 million (USD)','Construction, Repair & Maintenance','Construction','Company - Public',NULL,96),(97,'General Dynamics Information Technology','10000+ Employees','$10+ billion (USD)','Information Technology','IT Services','Subsidiary or Business Segment',1996,97),(98,'BTS Software Solutions','51 to 200 Employees','Unknown / Non-Applicable','Government','Federal Agencies','Company - Private',2011,98),(99,'Factory_OS',NULL,NULL,NULL,NULL,NULL,NULL,99),(100,'Novetta','501 to 1000 Employees','$100 to $500 million (USD)','Information Technology','Enterprise Software & Network Solutions','Company - Private',2012,100),(101,'CaptiveAire, Inc.',NULL,NULL,NULL,NULL,NULL,NULL,101),(102,'ManTech International Corporation','5001 to 10000 Employees','$1 to $2 billion (USD)','Business Services','Research & Development','Company - Public',1968,102),(103,'Alliant Cooperative Data Solutions','1 to 50 Employees','$5 to $10 million (USD)','Business Services','Advertising & Marketing','Company - Private',2003,103),(104,'Netkinetix Inc.',NULL,NULL,NULL,NULL,NULL,NULL,104),(105,'Anark',NULL,NULL,NULL,NULL,NULL,NULL,105),(106,'Orbis','1001 to 5000 Employees','Unknown / Non-Applicable','Education','Colleges & Universities','Company - Public',1983,106),(107,'NMR Consulting','51 to 200 Employees','$25 to $50 million (USD)','Information Technology','IT Services','Company - Private',1996,107),(108,'Laborie Medical Technologies','51 to 200 Employees','$10 to $25 million (USD)',NULL,NULL,'Company - Private',NULL,108),(109,'Waystar','501 to 1000 Employees','Unknown / Non-Applicable','Information Technology','Enterprise Software & Network Solutions','Company - Private',NULL,109),(110,'ClinIntell',NULL,NULL,NULL,NULL,NULL,NULL,110),(111,'Anark',NULL,NULL,NULL,NULL,NULL,NULL,111),(112,'Communications Data Group, Inc',NULL,NULL,NULL,NULL,NULL,NULL,112),(113,'DCI Solutions','1 to 50 Employees','Less than $1 million (USD)',NULL,NULL,'Contract',NULL,113),(114,'STRAND',NULL,NULL,NULL,NULL,NULL,NULL,114),(115,'W.Eid Resources',NULL,NULL,NULL,NULL,NULL,NULL,115),(116,'Beauty Industry Group','201 to 500 Employees','$100 to $500 million (USD)','Consumer Services','Health, Beauty, & Fitness','Company - Private',2004,116),(117,'E-Com Advisers LLC',NULL,NULL,NULL,NULL,NULL,NULL,117),(118,'Market Wagon',NULL,NULL,NULL,NULL,NULL,NULL,118),(119,'AEXGroup',NULL,NULL,NULL,NULL,NULL,NULL,119),(120,'Georgia Southern University','1001 to 5000 Employees','$100 to $500 million (USD)','Education','Colleges & Universities','College / University',1906,120),(121,'Queensboro Shirt Company','51 to 200 Employees','$10 to $25 million (USD)','Business Services','Advertising & Marketing','Company - Private',1982,121),(122,'Cenergy International Services',NULL,NULL,NULL,NULL,NULL,NULL,122),(123,'Confidential',NULL,NULL,NULL,NULL,NULL,NULL,123),(124,'Murray Equipment, Inc.','51 to 200 Employees','$50 to $100 million (USD)','Manufacturing','Industrial Manufacturing','Company - Public',NULL,124),(125,'Confidential-Manufacturing',NULL,NULL,NULL,NULL,NULL,NULL,125),(126,'GEICO','10000+ Employees','$10+ billion (USD)','Insurance','Insurance Carriers','Subsidiary or Business Segment',1936,126),(127,'SCRAM Systems','1 to 50 Employees','Less than $1 million (USD)',NULL,NULL,'Company - Private',1997,127),(128,'Knight Wall Systems, Inc.','51 to 200 Employees','Less than $1 million (USD)','Construction, Repair & Maintenance','Construction','Company - Public',NULL,128),(129,'General Dynamics Information Technology','10000+ Employees','$10+ billion (USD)','Information Technology','IT Services','Subsidiary or Business Segment',1996,129),(130,'BTS Software Solutions','51 to 200 Employees','Unknown / Non-Applicable','Government','Federal Agencies','Company - Private',2011,130),(131,'Factory_OS',NULL,NULL,NULL,NULL,NULL,NULL,131),(132,'Novetta','501 to 1000 Employees','$100 to $500 million (USD)','Information Technology','Enterprise Software & Network Solutions','Company - Private',2012,132),(133,'CaptiveAire, Inc.',NULL,NULL,NULL,NULL,NULL,NULL,133),(134,'ManTech International Corporation','5001 to 10000 Employees','$1 to $2 billion (USD)','Business Services','Research & Development','Company - Public',1968,134),(135,'Alliant Cooperative Data Solutions','1 to 50 Employees','$5 to $10 million (USD)','Business Services','Advertising & Marketing','Company - Private',2003,135),(136,'Netkinetix Inc.',NULL,NULL,NULL,NULL,NULL,NULL,136),(137,'Anark',NULL,NULL,NULL,NULL,NULL,NULL,137),(138,'Orbis','1001 to 5000 Employees','Unknown / Non-Applicable','Education','Colleges & Universities','Company - Public',1983,138),(139,'NMR Consulting','51 to 200 Employees','$25 to $50 million (USD)','Information Technology','IT Services','Company - Private',1996,139),(140,'Laborie Medical Technologies','51 to 200 Employees','$10 to $25 million (USD)',NULL,NULL,'Company - Private',NULL,140),(141,'Waystar','501 to 1000 Employees','Unknown / Non-Applicable','Information Technology','Enterprise Software & Network Solutions','Company - Private',NULL,141),(142,'ClinIntell',NULL,NULL,NULL,NULL,NULL,NULL,142),(143,'Anark',NULL,NULL,NULL,NULL,NULL,NULL,143),(144,'Communications Data Group, Inc',NULL,NULL,NULL,NULL,NULL,NULL,144),(145,'DCI Solutions','1 to 50 Employees','Less than $1 million (USD)',NULL,NULL,'Contract',NULL,145),(146,'STRAND',NULL,NULL,NULL,NULL,NULL,NULL,146),(147,'W.Eid Resources',NULL,NULL,NULL,NULL,NULL,NULL,147),(148,'Beauty Industry Group','201 to 500 Employees','$100 to $500 million (USD)','Consumer Services','Health, Beauty, & Fitness','Company - Private',2004,148),(149,'E-Com Advisers LLC',NULL,NULL,NULL,NULL,NULL,NULL,149),(150,'Market Wagon',NULL,NULL,NULL,NULL,NULL,NULL,150),(151,'AEXGroup',NULL,NULL,NULL,NULL,NULL,NULL,151),(152,'Georgia Southern University','1001 to 5000 Employees','$100 to $500 million (USD)','Education','Colleges & Universities','College / University',1906,152),(153,'Queensboro Shirt Company','51 to 200 Employees','$10 to $25 million (USD)','Business Services','Advertising & Marketing','Company - Private',1982,153),(154,'Cenergy International Services',NULL,NULL,NULL,NULL,NULL,NULL,154),(155,'Confidential',NULL,NULL,NULL,NULL,NULL,NULL,155),(156,'Murray Equipment, Inc.','51 to 200 Employees','$50 to $100 million (USD)','Manufacturing','Industrial Manufacturing','Company - Public',NULL,156),(157,'Confidential-Manufacturing',NULL,NULL,NULL,NULL,NULL,NULL,157),(158,'GEICO','10000+ Employees','$10+ billion (USD)','Insurance','Insurance Carriers','Subsidiary or Business Segment',1936,158),(159,'SCRAM Systems','1 to 50 Employees','Less than $1 million (USD)',NULL,NULL,'Company - Private',1997,159),(160,'Knight Wall Systems, Inc.','51 to 200 Employees','Less than $1 million (USD)','Construction, Repair & Maintenance','Construction','Company - Public',NULL,160),(161,'General Dynamics Information Technology','10000+ Employees','$10+ billion (USD)','Information Technology','IT Services','Subsidiary or Business Segment',1996,161),(162,'BTS Software Solutions','51 to 200 Employees','Unknown / Non-Applicable','Government','Federal Agencies','Company - Private',2011,162),(163,'Factory_OS',NULL,NULL,NULL,NULL,NULL,NULL,163),(164,'Novetta','501 to 1000 Employees','$100 to $500 million (USD)','Information Technology','Enterprise Software & Network Solutions','Company - Private',2012,164),(165,'CaptiveAire, Inc.',NULL,NULL,NULL,NULL,NULL,NULL,165),(166,'ManTech International Corporation','5001 to 10000 Employees','$1 to $2 billion (USD)','Business Services','Research & Development','Company - Public',1968,166),(167,'Alliant Cooperative Data Solutions','1 to 50 Employees','$5 to $10 million (USD)','Business Services','Advertising & Marketing','Company - Private',2003,167),(168,'Netkinetix Inc.',NULL,NULL,NULL,NULL,NULL,NULL,168),(169,'Anark',NULL,NULL,NULL,NULL,NULL,NULL,169),(170,'Orbis','1001 to 5000 Employees','Unknown / Non-Applicable','Education','Colleges & Universities','Company - Public',1983,170),(171,'NMR Consulting','51 to 200 Employees','$25 to $50 million (USD)','Information Technology','IT Services','Company - Private',1996,171),(172,'Laborie Medical Technologies','51 to 200 Employees','$10 to $25 million (USD)',NULL,NULL,'Company - Private',NULL,172),(173,'Waystar','501 to 1000 Employees','Unknown / Non-Applicable','Information Technology','Enterprise Software & Network Solutions','Company - Private',NULL,173),(174,'ClinIntell',NULL,NULL,NULL,NULL,NULL,NULL,174),(175,'Anark',NULL,NULL,NULL,NULL,NULL,NULL,175),(176,'Communications Data Group, Inc',NULL,NULL,NULL,NULL,NULL,NULL,176),(177,'DCI Solutions','1 to 50 Employees','Less than $1 million (USD)',NULL,NULL,'Contract',NULL,177),(178,'STRAND',NULL,NULL,NULL,NULL,NULL,NULL,178),(179,'W.Eid Resources',NULL,NULL,NULL,NULL,NULL,NULL,179),(180,'Beauty Industry Group','201 to 500 Employees','$100 to $500 million (USD)','Consumer Services','Health, Beauty, & Fitness','Company - Private',2004,180),(181,'E-Com Advisers LLC',NULL,NULL,NULL,NULL,NULL,NULL,181),(182,'Market Wagon',NULL,NULL,NULL,NULL,NULL,NULL,182),(183,'AEXGroup',NULL,NULL,NULL,NULL,NULL,NULL,183),(184,'Georgia Southern University','1001 to 5000 Employees','$100 to $500 million (USD)','Education','Colleges & Universities','College / University',1906,184),(185,'Queensboro Shirt Company','51 to 200 Employees','$10 to $25 million (USD)','Business Services','Advertising & Marketing','Company - Private',1982,185),(186,'Cenergy International Services',NULL,NULL,NULL,NULL,NULL,NULL,186),(187,'Confidential',NULL,NULL,NULL,NULL,NULL,NULL,187),(188,'Murray Equipment, Inc.','51 to 200 Employees','$50 to $100 million (USD)','Manufacturing','Industrial Manufacturing','Company - Public',NULL,188),(189,'Confidential-Manufacturing',NULL,NULL,NULL,NULL,NULL,NULL,189),(190,'GEICO','10000+ Employees','$10+ billion (USD)','Insurance','Insurance Carriers','Subsidiary or Business Segment',1936,190),(191,'SCRAM Systems','1 to 50 Employees','Less than $1 million (USD)',NULL,NULL,'Company - Private',1997,191),(192,'Knight Wall Systems, Inc.','51 to 200 Employees','Less than $1 million (USD)','Construction, Repair & Maintenance','Construction','Company - Public',NULL,192),(193,'General Dynamics Information Technology','10000+ Employees','$10+ billion (USD)','Information Technology','IT Services','Subsidiary or Business Segment',1996,193),(194,'BTS Software Solutions','51 to 200 Employees','Unknown / Non-Applicable','Government','Federal Agencies','Company - Private',2011,194),(195,'Factory_OS',NULL,NULL,NULL,NULL,NULL,NULL,195),(196,'Novetta','501 to 1000 Employees','$100 to $500 million (USD)','Information Technology','Enterprise Software & Network Solutions','Company - Private',2012,196),(197,'CaptiveAire, Inc.',NULL,NULL,NULL,NULL,NULL,NULL,197),(198,'ManTech International Corporation','5001 to 10000 Employees','$1 to $2 billion (USD)','Business Services','Research & Development','Company - Public',1968,198),(199,'Alliant Cooperative Data Solutions','1 to 50 Employees','$5 to $10 million (USD)','Business Services','Advertising & Marketing','Company - Private',2003,199),(200,'Netkinetix Inc.',NULL,NULL,NULL,NULL,NULL,NULL,200),(201,'Anark',NULL,NULL,NULL,NULL,NULL,NULL,201),(202,'Orbis','1001 to 5000 Employees','Unknown / Non-Applicable','Education','Colleges & Universities','Company - Public',1983,202),(203,'NMR Consulting','51 to 200 Employees','$25 to $50 million (USD)','Information Technology','IT Services','Company - Private',1996,203),(204,'Laborie Medical Technologies','51 to 200 Employees','$10 to $25 million (USD)',NULL,NULL,'Company - Private',NULL,204),(205,'Waystar','501 to 1000 Employees','Unknown / Non-Applicable','Information Technology','Enterprise Software & Network Solutions','Company - Private',NULL,205),(206,'ClinIntell',NULL,NULL,NULL,NULL,NULL,NULL,206),(207,'Anark',NULL,NULL,NULL,NULL,NULL,NULL,207),(208,'Communications Data Group, Inc',NULL,NULL,NULL,NULL,NULL,NULL,208),(209,'DCI Solutions','1 to 50 Employees','Less than $1 million (USD)',NULL,NULL,'Contract',NULL,209),(210,'STRAND',NULL,NULL,NULL,NULL,NULL,NULL,210),(211,'W.Eid Resources',NULL,NULL,NULL,NULL,NULL,NULL,211),(212,'Beauty Industry Group','201 to 500 Employees','$100 to $500 million (USD)','Consumer Services','Health, Beauty, & Fitness','Company - Private',2004,212),(213,'E-Com Advisers LLC',NULL,NULL,NULL,NULL,NULL,NULL,213),(214,'Market Wagon',NULL,NULL,NULL,NULL,NULL,NULL,214),(215,'AEXGroup',NULL,NULL,NULL,NULL,NULL,NULL,215),(216,'Georgia Southern University','1001 to 5000 Employees','$100 to $500 million (USD)','Education','Colleges & Universities','College / University',1906,216),(217,'Queensboro Shirt Company','51 to 200 Employees','$10 to $25 million (USD)','Business Services','Advertising & Marketing','Company - Private',1982,217),(218,'Cenergy International Services',NULL,NULL,NULL,NULL,NULL,NULL,218),(219,'Confidential',NULL,NULL,NULL,NULL,NULL,NULL,219),(220,'Murray Equipment, Inc.','51 to 200 Employees','$50 to $100 million (USD)','Manufacturing','Industrial Manufacturing','Company - Public',NULL,220),(221,'Confidential-Manufacturing',NULL,NULL,NULL,NULL,NULL,NULL,221),(222,'GEICO','10000+ Employees','$10+ billion (USD)','Insurance','Insurance Carriers','Subsidiary or Business Segment',1936,222),(223,'SCRAM Systems','1 to 50 Employees','Less than $1 million (USD)',NULL,NULL,'Company - Private',1997,223),(224,'Knight Wall Systems, Inc.','51 to 200 Employees','Less than $1 million (USD)','Construction, Repair & Maintenance','Construction','Company - Public',NULL,224),(225,'General Dynamics Information Technology','10000+ Employees','$10+ billion (USD)','Information Technology','IT Services','Subsidiary or Business Segment',1996,225),(226,'BTS Software Solutions','51 to 200 Employees','Unknown / Non-Applicable','Government','Federal Agencies','Company - Private',2011,226),(227,'Factory_OS',NULL,NULL,NULL,NULL,NULL,NULL,227),(228,'Novetta','501 to 1000 Employees','$100 to $500 million (USD)','Information Technology','Enterprise Software & Network Solutions','Company - Private',2012,228),(229,'CaptiveAire, Inc.',NULL,NULL,NULL,NULL,NULL,NULL,229),(230,'ManTech International Corporation','5001 to 10000 Employees','$1 to $2 billion (USD)','Business Services','Research & Development','Company - Public',1968,230),(231,'Alliant Cooperative Data Solutions','1 to 50 Employees','$5 to $10 million (USD)','Business Services','Advertising & Marketing','Company - Private',2003,231),(232,'Netkinetix Inc.',NULL,NULL,NULL,NULL,NULL,NULL,232),(233,'Anark',NULL,NULL,NULL,NULL,NULL,NULL,233),(234,'Orbis','1001 to 5000 Employees','Unknown / Non-Applicable','Education','Colleges & Universities','Company - Public',1983,234),(235,'NMR Consulting','51 to 200 Employees','$25 to $50 million (USD)','Information Technology','IT Services','Company - Private',1996,235),(236,'Laborie Medical Technologies','51 to 200 Employees','$10 to $25 million (USD)',NULL,NULL,'Company - Private',NULL,236),(237,'Waystar','501 to 1000 Employees','Unknown / Non-Applicable','Information Technology','Enterprise Software & Network Solutions','Company - Private',NULL,237),(238,'ClinIntell',NULL,NULL,NULL,NULL,NULL,NULL,238),(239,'Anark',NULL,NULL,NULL,NULL,NULL,NULL,239),(240,'Communications Data Group, Inc',NULL,NULL,NULL,NULL,NULL,NULL,240),(241,'DCI Solutions','1 to 50 Employees','Less than $1 million (USD)',NULL,NULL,'Contract',NULL,241),(242,'STRAND',NULL,NULL,NULL,NULL,NULL,NULL,242),(243,'W.Eid Resources',NULL,NULL,NULL,NULL,NULL,NULL,243),(244,'Beauty Industry Group','201 to 500 Employees','$100 to $500 million (USD)','Consumer Services','Health, Beauty, & Fitness','Company - Private',2004,244),(245,'E-Com Advisers LLC',NULL,NULL,NULL,NULL,NULL,NULL,245),(246,'Market Wagon',NULL,NULL,NULL,NULL,NULL,NULL,246),(247,'AEXGroup',NULL,NULL,NULL,NULL,NULL,NULL,247),(248,'Georgia Southern University','1001 to 5000 Employees','$100 to $500 million (USD)','Education','Colleges & Universities','College / University',1906,248),(249,'Queensboro Shirt Company','51 to 200 Employees','$10 to $25 million (USD)','Business Services','Advertising & Marketing','Company - Private',1982,249),(250,'Cenergy International Services',NULL,NULL,NULL,NULL,NULL,NULL,250),(251,'Confidential',NULL,NULL,NULL,NULL,NULL,NULL,251),(252,'Murray Equipment, Inc.','51 to 200 Employees','$50 to $100 million (USD)','Manufacturing','Industrial Manufacturing','Company - Public',NULL,252),(253,'Confidential-Manufacturing',NULL,NULL,NULL,NULL,NULL,NULL,253),(254,'GEICO','10000+ Employees','$10+ billion (USD)','Insurance','Insurance Carriers','Subsidiary or Business Segment',1936,254),(255,'SCRAM Systems','1 to 50 Employees','Less than $1 million (USD)',NULL,NULL,'Company - Private',1997,255),(256,'Knight Wall Systems, Inc.','51 to 200 Employees','Less than $1 million (USD)','Construction, Repair & Maintenance','Construction','Company - Public',NULL,256),(257,'General Dynamics Information Technology','10000+ Employees','$10+ billion (USD)','Information Technology','IT Services','Subsidiary or Business Segment',1996,257),(258,'BTS Software Solutions','51 to 200 Employees','Unknown / Non-Applicable','Government','Federal Agencies','Company - Private',2011,258),(259,'Factory_OS',NULL,NULL,NULL,NULL,NULL,NULL,259),(260,'Novetta','501 to 1000 Employees','$100 to $500 million (USD)','Information Technology','Enterprise Software & Network Solutions','Company - Private',2012,260),(261,'CaptiveAire, Inc.',NULL,NULL,NULL,NULL,NULL,NULL,261),(262,'ManTech International Corporation','5001 to 10000 Employees','$1 to $2 billion (USD)','Business Services','Research & Development','Company - Public',1968,262),(263,'Alliant Cooperative Data Solutions','1 to 50 Employees','$5 to $10 million (USD)','Business Services','Advertising & Marketing','Company - Private',2003,263),(264,'Netkinetix Inc.',NULL,NULL,NULL,NULL,NULL,NULL,264),(265,'Anark',NULL,NULL,NULL,NULL,NULL,NULL,265),(266,'Orbis','1001 to 5000 Employees','Unknown / Non-Applicable','Education','Colleges & Universities','Company - Public',1983,266),(267,'NMR Consulting','51 to 200 Employees','$25 to $50 million (USD)','Information Technology','IT Services','Company - Private',1996,267),(268,'Laborie Medical Technologies','51 to 200 Employees','$10 to $25 million (USD)',NULL,NULL,'Company - Private',NULL,268),(269,'Waystar','501 to 1000 Employees','Unknown / Non-Applicable','Information Technology','Enterprise Software & Network Solutions','Company - Private',NULL,269),(270,'ClinIntell',NULL,NULL,NULL,NULL,NULL,NULL,270),(271,'Anark',NULL,NULL,NULL,NULL,NULL,NULL,271),(272,'Communications Data Group, Inc',NULL,NULL,NULL,NULL,NULL,NULL,272),(273,'DCI Solutions','1 to 50 Employees','Less than $1 million (USD)',NULL,NULL,'Contract',NULL,273),(274,'STRAND',NULL,NULL,NULL,NULL,NULL,NULL,274),(275,'W.Eid Resources',NULL,NULL,NULL,NULL,NULL,NULL,275),(276,'Beauty Industry Group','201 to 500 Employees','$100 to $500 million (USD)','Consumer Services','Health, Beauty, & Fitness','Company - Private',2004,276),(277,'E-Com Advisers LLC',NULL,NULL,NULL,NULL,NULL,NULL,277),(278,'Market Wagon',NULL,NULL,NULL,NULL,NULL,NULL,278),(279,'AEXGroup',NULL,NULL,NULL,NULL,NULL,NULL,279),(280,'Georgia Southern University','1001 to 5000 Employees','$100 to $500 million (USD)','Education','Colleges & Universities','College / University',1906,280),(281,'Queensboro Shirt Company','51 to 200 Employees','$10 to $25 million (USD)','Business Services','Advertising & Marketing','Company - Private',1982,281),(282,'Cenergy International Services',NULL,NULL,NULL,NULL,NULL,NULL,282),(283,'Confidential',NULL,NULL,NULL,NULL,NULL,NULL,283),(284,'Murray Equipment, Inc.','51 to 200 Employees','$50 to $100 million (USD)','Manufacturing','Industrial Manufacturing','Company - Public',NULL,284),(285,'Confidential-Manufacturing',NULL,NULL,NULL,NULL,NULL,NULL,285),(286,'GEICO','10000+ Employees','$10+ billion (USD)','Insurance','Insurance Carriers','Subsidiary or Business Segment',1936,286),(287,'SCRAM Systems','1 to 50 Employees','Less than $1 million (USD)',NULL,NULL,'Company - Private',1997,287),(288,'Knight Wall Systems, Inc.','51 to 200 Employees','Less than $1 million (USD)','Construction, Repair & Maintenance','Construction','Company - Public',NULL,288),(289,'General Dynamics Information Technology','10000+ Employees','$10+ billion (USD)','Information Technology','IT Services','Subsidiary or Business Segment',1996,289),(290,'BTS Software Solutions','51 to 200 Employees','Unknown / Non-Applicable','Government','Federal Agencies','Company - Private',2011,290),(291,'Factory_OS',NULL,NULL,NULL,NULL,NULL,NULL,291),(292,'Novetta','501 to 1000 Employees','$100 to $500 million (USD)','Information Technology','Enterprise Software & Network Solutions','Company - Private',2012,292),(293,'CaptiveAire, Inc.',NULL,NULL,NULL,NULL,NULL,NULL,293),(294,'ManTech International Corporation','5001 to 10000 Employees','$1 to $2 billion (USD)','Business Services','Research & Development','Company - Public',1968,294),(295,'Alliant Cooperative Data Solutions','1 to 50 Employees','$5 to $10 million (USD)','Business Services','Advertising & Marketing','Company - Private',2003,295),(296,'Netkinetix Inc.',NULL,NULL,NULL,NULL,NULL,NULL,296),(297,'Anark',NULL,NULL,NULL,NULL,NULL,NULL,297),(298,'Orbis','1001 to 5000 Employees','Unknown / Non-Applicable','Education','Colleges & Universities','Company - Public',1983,298),(299,'NMR Consulting','51 to 200 Employees','$25 to $50 million (USD)','Information Technology','IT Services','Company - Private',1996,299),(300,'Laborie Medical Technologies','51 to 200 Employees','$10 to $25 million (USD)',NULL,NULL,'Company - Private',NULL,300);
/*!40000 ALTER TABLE `Company` ENABLE KEYS */;
UNLOCK TABLES;

--
-- Table structure for table `Job_location`
--

DROP TABLE IF EXISTS `Job_location`;
/*!40101 SET @saved_cs_client     = @@character_set_client */;
/*!50503 SET character_set_client = utf8mb4 */;
CREATE TABLE `Job_location` (
  `idJob_location` int NOT NULL AUTO_INCREMENT,
  `City` varchar(45) DEFAULT NULL,
  `State` varchar(10) DEFAULT NULL,
  PRIMARY KEY (`idJob_location`)
) ENGINE=InnoDB AUTO_INCREMENT=301 DEFAULT CHARSET=utf8mb4 COLLATE=utf8mb4_0900_ai_ci;
/*!40101 SET character_set_client = @saved_cs_client */;

--
-- Dumping data for table `Job_location`
--

LOCK TABLES `Job_location` WRITE;
/*!40000 ALTER TABLE `Job_location` DISABLE KEYS */;
INSERT INTO `Job_location` VALUES (1,'O\'Fallon',' IL'),(2,'Fort Meade',' MD'),(3,'Vallejo',' CA'),(4,'Columbia',' MD'),(5,'Raleigh',' NC'),(6,'Hanover',' MD'),(7,'Brewster',' NY'),(8,'Holmen',' WI'),(9,'Boulder',' CO'),(10,'Indianapolis',' IN'),(11,'Huntsville',' AL'),(12,'Portsmouth',' NH'),(13,'Louisville',' KY'),(14,'Tampa',' FL'),(15,'Boulder',' CO'),(16,'Champaign',' IL'),(17,'Aberdeen Proving Ground',' MD'),(18,'Dallas',' TX'),(19,'Columbus',' OH'),(20,'Salt Lake City',' UT'),(21,'Tampa',' FL'),(22,'Carmel',' IN'),(23,'Aston',' PA'),(24,'Statesboro',' GA'),(25,'Wilmington',' NC'),(26,'Boston',' MA'),(27,'Pittsburgh',' PA'),(28,'Fort Wayne',' IN'),(29,'Deland',' FL'),(30,'Chevy Chase',' MD'),(31,'Colorado',NULL),(32,'Deer Park',' WA'),(33,'O\'Fallon',' IL'),(34,'Fort Meade',' MD'),(35,'Vallejo',' CA'),(36,'Columbia',' MD'),(37,'Raleigh',' NC'),(38,'Hanover',' MD'),(39,'Brewster',' NY'),(40,'Holmen',' WI'),(41,'Boulder',' CO'),(42,'Indianapolis',' IN'),(43,'Huntsville',' AL'),(44,'Portsmouth',' NH'),(45,'Louisville',' KY'),(46,'Tampa',' FL'),(47,'Boulder',' CO'),(48,'Champaign',' IL'),(49,'Aberdeen Proving Ground',' MD'),(50,'Dallas',' TX'),(51,'Columbus',' OH'),(52,'Salt Lake City',' UT'),(53,'Tampa',' FL'),(54,'Carmel',' IN'),(55,'Aston',' PA'),(56,'Statesboro',' GA'),(57,'Wilmington',' NC'),(58,'Boston',' MA'),(59,'Pittsburgh',' PA'),(60,'Fort Wayne',' IN'),(61,'Deland',' FL'),(62,'Chevy Chase',' MD'),(63,'Colorado',NULL),(64,'Deer Park',' WA'),(65,'O\'Fallon',' IL'),(66,'Fort Meade',' MD'),(67,'Vallejo',' CA'),(68,'Columbia',' MD'),(69,'Raleigh',' NC'),(70,'Hanover',' MD'),(71,'Brewster',' NY'),(72,'Holmen',' WI'),(73,'Boulder',' CO'),(74,'Indianapolis',' IN'),(75,'Huntsville',' AL'),(76,'Portsmouth',' NH'),(77,'Louisville',' KY'),(78,'Tampa',' FL'),(79,'Boulder',' CO'),(80,'Champaign',' IL'),(81,'Aberdeen Proving Ground',' MD'),(82,'Dallas',' TX'),(83,'Columbus',' OH'),(84,'Salt Lake City',' UT'),(85,'Tampa',' FL'),(86,'Carmel',' IN'),(87,'Aston',' PA'),(88,'Statesboro',' GA'),(89,'Wilmington',' NC'),(90,'Boston',' MA'),(91,'Pittsburgh',' PA'),(92,'Fort Wayne',' IN'),(93,'Deland',' FL'),(94,'Chevy Chase',' MD'),(95,'Colorado',NULL),(96,'Deer Park',' WA'),(97,'O\'Fallon',' IL'),(98,'Fort Meade',' MD'),(99,'Vallejo',' CA'),(100,'Columbia',' MD'),(101,'Raleigh',' NC'),(102,'Hanover',' MD'),(103,'Brewster',' NY'),(104,'Holmen',' WI'),(105,'Boulder',' CO'),(106,'Indianapolis',' IN'),(107,'Huntsville',' AL'),(108,'Portsmouth',' NH'),(109,'Louisville',' KY'),(110,'Tampa',' FL'),(111,'Boulder',' CO'),(112,'Champaign',' IL'),(113,'Aberdeen Proving Ground',' MD'),(114,'Dallas',' TX'),(115,'Columbus',' OH'),(116,'Salt Lake City',' UT'),(117,'Tampa',' FL'),(118,'Carmel',' IN'),(119,'Aston',' PA'),(120,'Statesboro',' GA'),(121,'Wilmington',' NC'),(122,'Boston',' MA'),(123,'Pittsburgh',' PA'),(124,'Fort Wayne',' IN'),(125,'Deland',' FL'),(126,'Chevy Chase',' MD'),(127,'Colorado',NULL),(128,'Deer Park',' WA'),(129,'O\'Fallon',' IL'),(130,'Fort Meade',' MD'),(131,'Vallejo',' CA'),(132,'Columbia',' MD'),(133,'Raleigh',' NC'),(134,'Hanover',' MD'),(135,'Brewster',' NY'),(136,'Holmen',' WI'),(137,'Boulder',' CO'),(138,'Indianapolis',' IN'),(139,'Huntsville',' AL'),(140,'Portsmouth',' NH'),(141,'Louisville',' KY'),(142,'Tampa',' FL'),(143,'Boulder',' CO'),(144,'Champaign',' IL'),(145,'Aberdeen Proving Ground',' MD'),(146,'Dallas',' TX'),(147,'Columbus',' OH'),(148,'Salt Lake City',' UT'),(149,'Tampa',' FL'),(150,'Carmel',' IN'),(151,'Aston',' PA'),(152,'Statesboro',' GA'),(153,'Wilmington',' NC'),(154,'Boston',' MA'),(155,'Pittsburgh',' PA'),(156,'Fort Wayne',' IN'),(157,'Deland',' FL'),(158,'Chevy Chase',' MD'),(159,'Colorado',NULL),(160,'Deer Park',' WA'),(161,'O\'Fallon',' IL'),(162,'Fort Meade',' MD'),(163,'Vallejo',' CA'),(164,'Columbia',' MD'),(165,'Raleigh',' NC'),(166,'Hanover',' MD'),(167,'Brewster',' NY'),(168,'Holmen',' WI'),(169,'Boulder',' CO'),(170,'Indianapolis',' IN'),(171,'Huntsville',' AL'),(172,'Portsmouth',' NH'),(173,'Louisville',' KY'),(174,'Tampa',' FL'),(175,'Boulder',' CO'),(176,'Champaign',' IL'),(177,'Aberdeen Proving Ground',' MD'),(178,'Dallas',' TX'),(179,'Columbus',' OH'),(180,'Salt Lake City',' UT'),(181,'Tampa',' FL'),(182,'Carmel',' IN'),(183,'Aston',' PA'),(184,'Statesboro',' GA'),(185,'Wilmington',' NC'),(186,'Boston',' MA'),(187,'Pittsburgh',' PA'),(188,'Fort Wayne',' IN'),(189,'Deland',' FL'),(190,'Chevy Chase',' MD'),(191,'Colorado',NULL),(192,'Deer Park',' WA'),(193,'O\'Fallon',' IL'),(194,'Fort Meade',' MD'),(195,'Vallejo',' CA'),(196,'Columbia',' MD'),(197,'Raleigh',' NC'),(198,'Hanover',' MD'),(199,'Brewster',' NY'),(200,'Holmen',' WI'),(201,'Boulder',' CO'),(202,'Indianapolis',' IN'),(203,'Huntsville',' AL'),(204,'Portsmouth',' NH'),(205,'Louisville',' KY'),(206,'Tampa',' FL'),(207,'Boulder',' CO'),(208,'Champaign',' IL'),(209,'Aberdeen Proving Ground',' MD'),(210,'Dallas',' TX'),(211,'Columbus',' OH'),(212,'Salt Lake City',' UT'),(213,'Tampa',' FL'),(214,'Carmel',' IN'),(215,'Aston',' PA'),(216,'Statesboro',' GA'),(217,'Wilmington',' NC'),(218,'Boston',' MA'),(219,'Pittsburgh',' PA'),(220,'Fort Wayne',' IN'),(221,'Deland',' FL'),(222,'Chevy Chase',' MD'),(223,'Colorado',NULL),(224,'Deer Park',' WA'),(225,'O\'Fallon',' IL'),(226,'Fort Meade',' MD'),(227,'Vallejo',' CA'),(228,'Columbia',' MD'),(229,'Raleigh',' NC'),(230,'Hanover',' MD'),(231,'Brewster',' NY'),(232,'Holmen',' WI'),(233,'Boulder',' CO'),(234,'Indianapolis',' IN'),(235,'Huntsville',' AL'),(236,'Portsmouth',' NH'),(237,'Louisville',' KY'),(238,'Tampa',' FL'),(239,'Boulder',' CO'),(240,'Champaign',' IL'),(241,'Aberdeen Proving Ground',' MD'),(242,'Dallas',' TX'),(243,'Columbus',' OH'),(244,'Salt Lake City',' UT'),(245,'Tampa',' FL'),(246,'Carmel',' IN'),(247,'Aston',' PA'),(248,'Statesboro',' GA'),(249,'Wilmington',' NC'),(250,'Boston',' MA'),(251,'Pittsburgh',' PA'),(252,'Fort Wayne',' IN'),(253,'Deland',' FL'),(254,'Chevy Chase',' MD'),(255,'Colorado',NULL),(256,'Deer Park',' WA'),(257,'O\'Fallon',' IL'),(258,'Fort Meade',' MD'),(259,'Vallejo',' CA'),(260,'Columbia',' MD'),(261,'Raleigh',' NC'),(262,'Hanover',' MD'),(263,'Brewster',' NY'),(264,'Holmen',' WI'),(265,'Boulder',' CO'),(266,'Indianapolis',' IN'),(267,'Huntsville',' AL'),(268,'Portsmouth',' NH'),(269,'Louisville',' KY'),(270,'Tampa',' FL'),(271,'Boulder',' CO'),(272,'Champaign',' IL'),(273,'Aberdeen Proving Ground',' MD'),(274,'Dallas',' TX'),(275,'Columbus',' OH'),(276,'Salt Lake City',' UT'),(277,'Tampa',' FL'),(278,'Carmel',' IN'),(279,'Aston',' PA'),(280,'Statesboro',' GA'),(281,'Wilmington',' NC'),(282,'Boston',' MA'),(283,'Pittsburgh',' PA'),(284,'Fort Wayne',' IN'),(285,'Deland',' FL'),(286,'Chevy Chase',' MD'),(287,'Colorado',NULL),(288,'Deer Park',' WA'),(289,'O\'Fallon',' IL'),(290,'Fort Meade',' MD'),(291,'Vallejo',' CA'),(292,'Columbia',' MD'),(293,'Raleigh',' NC'),(294,'Hanover',' MD'),(295,'Brewster',' NY'),(296,'Holmen',' WI'),(297,'Boulder',' CO'),(298,'Indianapolis',' IN'),(299,'Huntsville',' AL'),(300,'Portsmouth',' NH');
/*!40000 ALTER TABLE `Job_location` ENABLE KEYS */;
UNLOCK TABLES;

--
-- Table structure for table `Job_post`
--

DROP TABLE IF EXISTS `Job_post`;
/*!40101 SET @saved_cs_client     = @@character_set_client */;
/*!50503 SET character_set_client = utf8mb4 */;
CREATE TABLE `Job_post` (
  `idJob_post` int NOT NULL AUTO_INCREMENT,
  `Job_Title` text NOT NULL,
  `Min_Salary` varchar(10) DEFAULT NULL,
  `Max_Salary` varchar(10) DEFAULT NULL,
  `idCompany` int DEFAULT NULL,
  PRIMARY KEY (`idJob_post`),
  KEY `idCompany` (`idCompany`),
  CONSTRAINT `job_post_ibfk_1` FOREIGN KEY (`idCompany`) REFERENCES `Company` (`idCompany`)
) ENGINE=InnoDB AUTO_INCREMENT=301 DEFAULT CHARSET=utf8mb4 COLLATE=utf8mb4_0900_ai_ci;
/*!40101 SET character_set_client = @saved_cs_client */;

--
-- Dumping data for table `Job_post`
--

LOCK TABLES `Job_post` WRITE;
/*!40000 ALTER TABLE `Job_post` DISABLE KEYS */;
INSERT INTO `Job_post` VALUES (1,'GTP - Software Developer (secret) - Scott Air Force Base, IL',NULL,NULL,1),(2,'Software Developer III','82K','140K',2),(3,'App Developer',NULL,NULL,3),(4,'Embedded Developer','92K','155K',4),(5,'Sr. Full Stack Developer',NULL,NULL,5),(6,'Software Developer, Senior','74K','128K',6),(7,'Senior Developer',NULL,NULL,7),(8,'Full Stack Software Developer / Programmer',NULL,NULL,8),(9,'Sr. Software Developer, Mongo Cloud Backend role',NULL,NULL,9),(10,'Extended Reality (XR) Developer',NULL,NULL,10),(11,'Software Developer II','58K','103K',11),(12,'R & D Manager, Software','76K','123K',12),(13,'.NET Developer (Senior-Level)','70K','128K',13),(14,'Sr. Software Developer, Frontend (7+ yrs developer exp, 2+ yrs React.js)',NULL,NULL,14),(15,'Sr. Software Developer, MERN FullStack',NULL,NULL,15),(16,'Conversion Developer',NULL,NULL,16),(17,'Vulnerability Researcher and Developer',NULL,NULL,17),(18,'Desktop App and Services Developer',NULL,NULL,18),(19,'Java Full Stack Developer',NULL,NULL,19),(20,'Lead Software Developer','53K','101K',20),(21,'Web Developer 5+ YRS Web Development Exp Req',NULL,NULL,21),(22,'Lead Software Developer',NULL,NULL,22),(23,'Senior Software Developer',NULL,NULL,23),(24,'Systems Software Developer, Lead','59K','94K',24),(25,'Senior PHP Developer','48K','90K',25),(26,'Software Architect/Product Owner',NULL,NULL,26),(27,'TwinCAT Developer',NULL,NULL,27),(28,'IBM iSeries ERP Software Developer',NULL,NULL,28),(29,'Senior Application Developer',NULL,NULL,29),(30,'.Net Developer - Senior','77K','151K',30),(31,'Software Developer, Senior Level',NULL,NULL,31),(32,'CRM System Developer',NULL,NULL,32),(33,'GTP - Software Developer (secret) - Scott Air Force Base, IL',NULL,NULL,33),(34,'Software Developer III','82K','140K',34),(35,'App Developer',NULL,NULL,35),(36,'Embedded Developer','92K','155K',36),(37,'Sr. Full Stack Developer',NULL,NULL,37),(38,'Software Developer, Senior','74K','128K',38),(39,'Senior Developer',NULL,NULL,39),(40,'Full Stack Software Developer / Programmer',NULL,NULL,40),(41,'Sr. Software Developer, Mongo Cloud Backend role',NULL,NULL,41),(42,'Extended Reality (XR) Developer',NULL,NULL,42),(43,'Software Developer II','58K','103K',43),(44,'R & D Manager, Software','76K','123K',44),(45,'.NET Developer (Senior-Level)','70K','128K',45),(46,'Sr. Software Developer, Frontend (7+ yrs developer exp, 2+ yrs React.js)',NULL,NULL,46),(47,'Sr. Software Developer, MERN FullStack',NULL,NULL,47),(48,'Conversion Developer',NULL,NULL,48),(49,'Vulnerability Researcher and Developer',NULL,NULL,49),(50,'Desktop App and Services Developer',NULL,NULL,50),(51,'Java Full Stack Developer',NULL,NULL,51),(52,'Lead Software Developer','53K','101K',52),(53,'Web Developer 5+ YRS Web Development Exp Req',NULL,NULL,53),(54,'Lead Software Developer',NULL,NULL,54),(55,'Senior Software Developer',NULL,NULL,55),(56,'Systems Software Developer, Lead','59K','94K',56),(57,'Senior PHP Developer','48K','90K',57),(58,'Software Architect/Product Owner',NULL,NULL,58),(59,'TwinCAT Developer',NULL,NULL,59),(60,'IBM iSeries ERP Software Developer',NULL,NULL,60),(61,'Senior Application Developer',NULL,NULL,61),(62,'.Net Developer - Senior','77K','151K',62),(63,'Software Developer, Senior Level',NULL,NULL,63),(64,'CRM System Developer',NULL,NULL,64),(65,'GTP - Software Developer (secret) - Scott Air Force Base, IL',NULL,NULL,65),(66,'Software Developer III','82K','140K',66),(67,'App Developer',NULL,NULL,67),(68,'Embedded Developer','92K','155K',68),(69,'Sr. Full Stack Developer',NULL,NULL,69),(70,'Software Developer, Senior','74K','128K',70),(71,'Senior Developer',NULL,NULL,71),(72,'Full Stack Software Developer / Programmer',NULL,NULL,72),(73,'Sr. Software Developer, Mongo Cloud Backend role',NULL,NULL,73),(74,'Extended Reality (XR) Developer',NULL,NULL,74),(75,'Software Developer II','58K','103K',75),(76,'R & D Manager, Software','76K','123K',76),(77,'.NET Developer (Senior-Level)','70K','128K',77),(78,'Sr. Software Developer, Frontend (7+ yrs developer exp, 2+ yrs React.js)',NULL,NULL,78),(79,'Sr. Software Developer, MERN FullStack',NULL,NULL,79),(80,'Conversion Developer',NULL,NULL,80),(81,'Vulnerability Researcher and Developer',NULL,NULL,81),(82,'Desktop App and Services Developer',NULL,NULL,82),(83,'Java Full Stack Developer',NULL,NULL,83),(84,'Lead Software Developer','53K','101K',84),(85,'Web Developer 5+ YRS Web Development Exp Req',NULL,NULL,85),(86,'Lead Software Developer',NULL,NULL,86),(87,'Senior Software Developer',NULL,NULL,87),(88,'Systems Software Developer, Lead','59K','94K',88),(89,'Senior PHP Developer','48K','90K',89),(90,'Software Architect/Product Owner',NULL,NULL,90),(91,'TwinCAT Developer',NULL,NULL,91),(92,'IBM iSeries ERP Software Developer',NULL,NULL,92),(93,'Senior Application Developer',NULL,NULL,93),(94,'.Net Developer - Senior','77K','151K',94),(95,'Software Developer, Senior Level',NULL,NULL,95),(96,'CRM System Developer',NULL,NULL,96),(97,'GTP - Software Developer (secret) - Scott Air Force Base, IL',NULL,NULL,97),(98,'Software Developer III','82K','140K',98),(99,'App Developer',NULL,NULL,99),(100,'Embedded Developer','92K','155K',100),(101,'Sr. Full Stack Developer',NULL,NULL,101),(102,'Software Developer, Senior','74K','128K',102),(103,'Senior Developer',NULL,NULL,103),(104,'Full Stack Software Developer / Programmer',NULL,NULL,104),(105,'Sr. Software Developer, Mongo Cloud Backend role',NULL,NULL,105),(106,'Extended Reality (XR) Developer',NULL,NULL,106),(107,'Software Developer II','58K','103K',107),(108,'R & D Manager, Software','76K','123K',108),(109,'.NET Developer (Senior-Level)','70K','128K',109),(110,'Sr. Software Developer, Frontend (7+ yrs developer exp, 2+ yrs React.js)',NULL,NULL,110),(111,'Sr. Software Developer, MERN FullStack',NULL,NULL,111),(112,'Conversion Developer',NULL,NULL,112),(113,'Vulnerability Researcher and Developer',NULL,NULL,113),(114,'Desktop App and Services Developer',NULL,NULL,114),(115,'Java Full Stack Developer',NULL,NULL,115),(116,'Lead Software Developer','53K','101K',116),(117,'Web Developer 5+ YRS Web Development Exp Req',NULL,NULL,117),(118,'Lead Software Developer',NULL,NULL,118),(119,'Senior Software Developer',NULL,NULL,119),(120,'Systems Software Developer, Lead','59K','94K',120),(121,'Senior PHP Developer','48K','90K',121),(122,'Software Architect/Product Owner',NULL,NULL,122),(123,'TwinCAT Developer',NULL,NULL,123),(124,'IBM iSeries ERP Software Developer',NULL,NULL,124),(125,'Senior Application Developer',NULL,NULL,125),(126,'.Net Developer - Senior','77K','151K',126),(127,'Software Developer, Senior Level',NULL,NULL,127),(128,'CRM System Developer',NULL,NULL,128),(129,'GTP - Software Developer (secret) - Scott Air Force Base, IL',NULL,NULL,129),(130,'Software Developer III','82K','140K',130),(131,'App Developer',NULL,NULL,131),(132,'Embedded Developer','92K','155K',132),(133,'Sr. Full Stack Developer',NULL,NULL,133),(134,'Software Developer, Senior','74K','128K',134),(135,'Senior Developer',NULL,NULL,135),(136,'Full Stack Software Developer / Programmer',NULL,NULL,136),(137,'Sr. Software Developer, Mongo Cloud Backend role',NULL,NULL,137),(138,'Extended Reality (XR) Developer',NULL,NULL,138),(139,'Software Developer II','58K','103K',139),(140,'R & D Manager, Software','76K','123K',140),(141,'.NET Developer (Senior-Level)','70K','128K',141),(142,'Sr. Software Developer, Frontend (7+ yrs developer exp, 2+ yrs React.js)',NULL,NULL,142),(143,'Sr. Software Developer, MERN FullStack',NULL,NULL,143),(144,'Conversion Developer',NULL,NULL,144),(145,'Vulnerability Researcher and Developer',NULL,NULL,145),(146,'Desktop App and Services Developer',NULL,NULL,146),(147,'Java Full Stack Developer',NULL,NULL,147),(148,'Lead Software Developer','53K','101K',148),(149,'Web Developer 5+ YRS Web Development Exp Req',NULL,NULL,149),(150,'Lead Software Developer',NULL,NULL,150),(151,'Senior Software Developer',NULL,NULL,151),(152,'Systems Software Developer, Lead','59K','94K',152),(153,'Senior PHP Developer','48K','90K',153),(154,'Software Architect/Product Owner',NULL,NULL,154),(155,'TwinCAT Developer',NULL,NULL,155),(156,'IBM iSeries ERP Software Developer',NULL,NULL,156),(157,'Senior Application Developer',NULL,NULL,157),(158,'.Net Developer - Senior','77K','151K',158),(159,'Software Developer, Senior Level',NULL,NULL,159),(160,'CRM System Developer',NULL,NULL,160),(161,'GTP - Software Developer (secret) - Scott Air Force Base, IL',NULL,NULL,161),(162,'Software Developer III','82K','140K',162),(163,'App Developer',NULL,NULL,163),(164,'Embedded Developer','92K','155K',164),(165,'Sr. Full Stack Developer',NULL,NULL,165),(166,'Software Developer, Senior','74K','128K',166),(167,'Senior Developer',NULL,NULL,167),(168,'Full Stack Software Developer / Programmer',NULL,NULL,168),(169,'Sr. Software Developer, Mongo Cloud Backend role',NULL,NULL,169),(170,'Extended Reality (XR) Developer',NULL,NULL,170),(171,'Software Developer II','58K','103K',171),(172,'R & D Manager, Software','76K','123K',172),(173,'.NET Developer (Senior-Level)','70K','128K',173),(174,'Sr. Software Developer, Frontend (7+ yrs developer exp, 2+ yrs React.js)',NULL,NULL,174),(175,'Sr. Software Developer, MERN FullStack',NULL,NULL,175),(176,'Conversion Developer',NULL,NULL,176),(177,'Vulnerability Researcher and Developer',NULL,NULL,177),(178,'Desktop App and Services Developer',NULL,NULL,178),(179,'Java Full Stack Developer',NULL,NULL,179),(180,'Lead Software Developer','53K','101K',180),(181,'Web Developer 5+ YRS Web Development Exp Req',NULL,NULL,181),(182,'Lead Software Developer',NULL,NULL,182),(183,'Senior Software Developer',NULL,NULL,183),(184,'Systems Software Developer, Lead','59K','94K',184),(185,'Senior PHP Developer','48K','90K',185),(186,'Software Architect/Product Owner',NULL,NULL,186),(187,'TwinCAT Developer',NULL,NULL,187),(188,'IBM iSeries ERP Software Developer',NULL,NULL,188),(189,'Senior Application Developer',NULL,NULL,189),(190,'.Net Developer - Senior','77K','151K',190),(191,'Software Developer, Senior Level',NULL,NULL,191),(192,'CRM System Developer',NULL,NULL,192),(193,'GTP - Software Developer (secret) - Scott Air Force Base, IL',NULL,NULL,193),(194,'Software Developer III','82K','140K',194),(195,'App Developer',NULL,NULL,195),(196,'Embedded Developer','92K','155K',196),(197,'Sr. Full Stack Developer',NULL,NULL,197),(198,'Software Developer, Senior','74K','128K',198),(199,'Senior Developer',NULL,NULL,199),(200,'Full Stack Software Developer / Programmer',NULL,NULL,200),(201,'Sr. Software Developer, Mongo Cloud Backend role',NULL,NULL,201),(202,'Extended Reality (XR) Developer',NULL,NULL,202),(203,'Software Developer II','58K','103K',203),(204,'R & D Manager, Software','76K','123K',204),(205,'.NET Developer (Senior-Level)','70K','128K',205),(206,'Sr. Software Developer, Frontend (7+ yrs developer exp, 2+ yrs React.js)',NULL,NULL,206),(207,'Sr. Software Developer, MERN FullStack',NULL,NULL,207),(208,'Conversion Developer',NULL,NULL,208),(209,'Vulnerability Researcher and Developer',NULL,NULL,209),(210,'Desktop App and Services Developer',NULL,NULL,210),(211,'Java Full Stack Developer',NULL,NULL,211),(212,'Lead Software Developer','53K','101K',212),(213,'Web Developer 5+ YRS Web Development Exp Req',NULL,NULL,213),(214,'Lead Software Developer',NULL,NULL,214),(215,'Senior Software Developer',NULL,NULL,215),(216,'Systems Software Developer, Lead','59K','94K',216),(217,'Senior PHP Developer','48K','90K',217),(218,'Software Architect/Product Owner',NULL,NULL,218),(219,'TwinCAT Developer',NULL,NULL,219),(220,'IBM iSeries ERP Software Developer',NULL,NULL,220),(221,'Senior Application Developer',NULL,NULL,221),(222,'.Net Developer - Senior','77K','151K',222),(223,'Software Developer, Senior Level',NULL,NULL,223),(224,'CRM System Developer',NULL,NULL,224),(225,'GTP - Software Developer (secret) - Scott Air Force Base, IL',NULL,NULL,225),(226,'Software Developer III','82K','140K',226),(227,'App Developer',NULL,NULL,227),(228,'Embedded Developer','92K','155K',228),(229,'Sr. Full Stack Developer',NULL,NULL,229),(230,'Software Developer, Senior','74K','128K',230),(231,'Senior Developer',NULL,NULL,231),(232,'Full Stack Software Developer / Programmer',NULL,NULL,232),(233,'Sr. Software Developer, Mongo Cloud Backend role',NULL,NULL,233),(234,'Extended Reality (XR) Developer',NULL,NULL,234),(235,'Software Developer II','58K','103K',235),(236,'R & D Manager, Software','76K','123K',236),(237,'.NET Developer (Senior-Level)','70K','128K',237),(238,'Sr. Software Developer, Frontend (7+ yrs developer exp, 2+ yrs React.js)',NULL,NULL,238),(239,'Sr. Software Developer, MERN FullStack',NULL,NULL,239),(240,'Conversion Developer',NULL,NULL,240),(241,'Vulnerability Researcher and Developer',NULL,NULL,241),(242,'Desktop App and Services Developer',NULL,NULL,242),(243,'Java Full Stack Developer',NULL,NULL,243),(244,'Lead Software Developer','53K','101K',244),(245,'Web Developer 5+ YRS Web Development Exp Req',NULL,NULL,245),(246,'Lead Software Developer',NULL,NULL,246),(247,'Senior Software Developer',NULL,NULL,247),(248,'Systems Software Developer, Lead','59K','94K',248),(249,'Senior PHP Developer','48K','90K',249),(250,'Software Architect/Product Owner',NULL,NULL,250),(251,'TwinCAT Developer',NULL,NULL,251),(252,'IBM iSeries ERP Software Developer',NULL,NULL,252),(253,'Senior Application Developer',NULL,NULL,253),(254,'.Net Developer - Senior','77K','151K',254),(255,'Software Developer, Senior Level',NULL,NULL,255),(256,'CRM System Developer',NULL,NULL,256),(257,'GTP - Software Developer (secret) - Scott Air Force Base, IL',NULL,NULL,257),(258,'Software Developer III','82K','140K',258),(259,'App Developer',NULL,NULL,259),(260,'Embedded Developer','92K','155K',260),(261,'Sr. Full Stack Developer',NULL,NULL,261),(262,'Software Developer, Senior','74K','128K',262),(263,'Senior Developer',NULL,NULL,263),(264,'Full Stack Software Developer / Programmer',NULL,NULL,264),(265,'Sr. Software Developer, Mongo Cloud Backend role',NULL,NULL,265),(266,'Extended Reality (XR) Developer',NULL,NULL,266),(267,'Software Developer II','58K','103K',267),(268,'R & D Manager, Software','76K','123K',268),(269,'.NET Developer (Senior-Level)','70K','128K',269),(270,'Sr. Software Developer, Frontend (7+ yrs developer exp, 2+ yrs React.js)',NULL,NULL,270),(271,'Sr. Software Developer, MERN FullStack',NULL,NULL,271),(272,'Conversion Developer',NULL,NULL,272),(273,'Vulnerability Researcher and Developer',NULL,NULL,273),(274,'Desktop App and Services Developer',NULL,NULL,274),(275,'Java Full Stack Developer',NULL,NULL,275),(276,'Lead Software Developer','53K','101K',276),(277,'Web Developer 5+ YRS Web Development Exp Req',NULL,NULL,277),(278,'Lead Software Developer',NULL,NULL,278),(279,'Senior Software Developer',NULL,NULL,279),(280,'Systems Software Developer, Lead','59K','94K',280),(281,'Senior PHP Developer','48K','90K',281),(282,'Software Architect/Product Owner',NULL,NULL,282),(283,'TwinCAT Developer',NULL,NULL,283),(284,'IBM iSeries ERP Software Developer',NULL,NULL,284),(285,'Senior Application Developer',NULL,NULL,285),(286,'.Net Developer - Senior','77K','151K',286),(287,'Software Developer, Senior Level',NULL,NULL,287),(288,'CRM System Developer',NULL,NULL,288),(289,'GTP - Software Developer (secret) - Scott Air Force Base, IL',NULL,NULL,289),(290,'Software Developer III','82K','140K',290),(291,'App Developer',NULL,NULL,291),(292,'Embedded Developer','92K','155K',292),(293,'Sr. Full Stack Developer',NULL,NULL,293),(294,'Software Developer, Senior','74K','128K',294),(295,'Senior Developer',NULL,NULL,295),(296,'Full Stack Software Developer / Programmer',NULL,NULL,296),(297,'Sr. Software Developer, Mongo Cloud Backend role',NULL,NULL,297),(298,'Extended Reality (XR) Developer',NULL,NULL,298),(299,'Software Developer II','58K','103K',299),(300,'R & D Manager, Software','76K','123K',300);
/*!40000 ALTER TABLE `Job_post` ENABLE KEYS */;
UNLOCK TABLES;

--
-- Table structure for table `Job_post_location`
--

DROP TABLE IF EXISTS `Job_post_location`;
/*!40101 SET @saved_cs_client     = @@character_set_client */;
/*!50503 SET character_set_client = utf8mb4 */;
CREATE TABLE `Job_post_location` (
  `idJob_post_location` int NOT NULL AUTO_INCREMENT,
  `idJob_post` int DEFAULT NULL,
  `idJob_location` int DEFAULT NULL,
  PRIMARY KEY (`idJob_post_location`),
  KEY `idJob_post` (`idJob_post`),
  KEY `idJob_location` (`idJob_location`),
  CONSTRAINT `job_post_location_ibfk_1` FOREIGN KEY (`idJob_post`) REFERENCES `Job_post` (`idJob_post`),
  CONSTRAINT `job_post_location_ibfk_2` FOREIGN KEY (`idJob_location`) REFERENCES `Job_location` (`idJob_location`)
) ENGINE=InnoDB AUTO_INCREMENT=301 DEFAULT CHARSET=utf8mb4 COLLATE=utf8mb4_0900_ai_ci;
/*!40101 SET character_set_client = @saved_cs_client */;

--
-- Dumping data for table `Job_post_location`
--

LOCK TABLES `Job_post_location` WRITE;
/*!40000 ALTER TABLE `Job_post_location` DISABLE KEYS */;
INSERT INTO `Job_post_location` VALUES (1,1,1),(2,2,2),(3,3,3),(4,4,4),(5,5,5),(6,6,6),(7,7,7),(8,8,8),(9,9,9),(10,10,10),(11,11,11),(12,12,12),(13,13,13),(14,14,14),(15,15,15),(16,16,16),(17,17,17),(18,18,18),(19,19,19),(20,20,20),(21,21,21),(22,22,22),(23,23,23),(24,24,24),(25,25,25),(26,26,26),(27,27,27),(28,28,28),(29,29,29),(30,30,30),(31,31,31),(32,32,32),(33,33,33),(34,34,34),(35,35,35),(36,36,36),(37,37,37),(38,38,38),(39,39,39),(40,40,40),(41,41,41),(42,42,42),(43,43,43),(44,44,44),(45,45,45),(46,46,46),(47,47,47),(48,48,48),(49,49,49),(50,50,50),(51,51,51),(52,52,52),(53,53,53),(54,54,54),(55,55,55),(56,56,56),(57,57,57),(58,58,58),(59,59,59),(60,60,60),(61,61,61),(62,62,62),(63,63,63),(64,64,64),(65,65,65),(66,66,66),(67,67,67),(68,68,68),(69,69,69),(70,70,70),(71,71,71),(72,72,72),(73,73,73),(74,74,74),(75,75,75),(76,76,76),(77,77,77),(78,78,78),(79,79,79),(80,80,80),(81,81,81),(82,82,82),(83,83,83),(84,84,84),(85,85,85),(86,86,86),(87,87,87),(88,88,88),(89,89,89),(90,90,90),(91,91,91),(92,92,92),(93,93,93),(94,94,94),(95,95,95),(96,96,96),(97,97,97),(98,98,98),(99,99,99),(100,100,100),(101,101,101),(102,102,102),(103,103,103),(104,104,104),(105,105,105),(106,106,106),(107,107,107),(108,108,108),(109,109,109),(110,110,110),(111,111,111),(112,112,112),(113,113,113),(114,114,114),(115,115,115),(116,116,116),(117,117,117),(118,118,118),(119,119,119),(120,120,120),(121,121,121),(122,122,122),(123,123,123),(124,124,124),(125,125,125),(126,126,126),(127,127,127),(128,128,128),(129,129,129),(130,130,130),(131,131,131),(132,132,132),(133,133,133),(134,134,134),(135,135,135),(136,136,136),(137,137,137),(138,138,138),(139,139,139),(140,140,140),(141,141,141),(142,142,142),(143,143,143),(144,144,144),(145,145,145),(146,146,146),(147,147,147),(148,148,148),(149,149,149),(150,150,150),(151,151,151),(152,152,152),(153,153,153),(154,154,154),(155,155,155),(156,156,156),(157,157,157),(158,158,158),(159,159,159),(160,160,160),(161,161,161),(162,162,162),(163,163,163),(164,164,164),(165,165,165),(166,166,166),(167,167,167),(168,168,168),(169,169,169),(170,170,170),(171,171,171),(172,172,172),(173,173,173),(174,174,174),(175,175,175),(176,176,176),(177,177,177),(178,178,178),(179,179,179),(180,180,180),(181,181,181),(182,182,182),(183,183,183),(184,184,184),(185,185,185),(186,186,186),(187,187,187),(188,188,188),(189,189,189),(190,190,190),(191,191,191),(192,192,192),(193,193,193),(194,194,194),(195,195,195),(196,196,196),(197,197,197),(198,198,198),(199,199,199),(200,200,200),(201,201,201),(202,202,202),(203,203,203),(204,204,204),(205,205,205),(206,206,206),(207,207,207),(208,208,208),(209,209,209),(210,210,210),(211,211,211),(212,212,212),(213,213,213),(214,214,214),(215,215,215),(216,216,216),(217,217,217),(218,218,218),(219,219,219),(220,220,220),(221,221,221),(222,222,222),(223,223,223),(224,224,224),(225,225,225),(226,226,226),(227,227,227),(228,228,228),(229,229,229),(230,230,230),(231,231,231),(232,232,232),(233,233,233),(234,234,234),(235,235,235),(236,236,236),(237,237,237),(238,238,238),(239,239,239),(240,240,240),(241,241,241),(242,242,242),(243,243,243),(244,244,244),(245,245,245),(246,246,246),(247,247,247),(248,248,248),(249,249,249),(250,250,250),(251,251,251),(252,252,252),(253,253,253),(254,254,254),(255,255,255),(256,256,256),(257,257,257),(258,258,258),(259,259,259),(260,260,260),(261,261,261),(262,262,262),(263,263,263),(264,264,264),(265,265,265),(266,266,266),(267,267,267),(268,268,268),(269,269,269),(270,270,270),(271,271,271),(272,272,272),(273,273,273),(274,274,274),(275,275,275),(276,276,276),(277,277,277),(278,278,278),(279,279,279),(280,280,280),(281,281,281),(282,282,282),(283,283,283),(284,284,284),(285,285,285),(286,286,286),(287,287,287),(288,288,288),(289,289,289),(290,290,290),(291,291,291),(292,292,292),(293,293,293),(294,294,294),(295,295,295),(296,296,296),(297,297,297),(298,298,298),(299,299,299),(300,300,300);
/*!40000 ALTER TABLE `Job_post_location` ENABLE KEYS */;
UNLOCK TABLES;

--
-- Table structure for table `Ratings`
--

DROP TABLE IF EXISTS `Ratings`;
/*!40101 SET @saved_cs_client     = @@character_set_client */;
/*!50503 SET character_set_client = utf8mb4 */;
CREATE TABLE `Ratings` (
  `Overall` float DEFAULT NULL,
  `idRatings` int NOT NULL AUTO_INCREMENT,
  `Culture & Values` float DEFAULT NULL,
  `Diversity & Inclusion` float DEFAULT NULL,
  `Work/Life Balance` float DEFAULT NULL,
  `Senior Management` float DEFAULT NULL,
  `Comp & Benefits` float DEFAULT NULL,
  `Career Opportunities` float DEFAULT NULL,
  PRIMARY KEY (`idRatings`)
) ENGINE=InnoDB AUTO_INCREMENT=301 DEFAULT CHARSET=utf8mb4 COLLATE=utf8mb4_0900_ai_ci;
/*!40101 SET character_set_client = @saved_cs_client */;

--
-- Dumping data for table `Ratings`
--

LOCK TABLES `Ratings` WRITE;
/*!40000 ALTER TABLE `Ratings` DISABLE KEYS */;
INSERT INTO `Ratings` VALUES (3.7,1,3.5,3.9,3.7,3.4,3.6,3.5),(4.8,2,4.8,5,4.6,4.5,4.7,4.4),(NULL,3,NULL,NULL,NULL,NULL,NULL,NULL),(4.6,4,4.4,5,4.5,4.4,4.5,4.2),(NULL,5,NULL,NULL,NULL,NULL,NULL,NULL),(4.3,6,4.3,4.5,4.4,4.2,4.4,4.3),(3.4,7,3.9,NULL,3.6,3.5,2.5,3.3),(NULL,8,NULL,NULL,NULL,NULL,NULL,NULL),(NULL,9,NULL,NULL,NULL,NULL,NULL,NULL),(3.7,10,3.7,4,3.9,3.4,3.9,3.5),(4.5,11,4.1,4,4.4,4.3,4.2,3.8),(3.5,12,3,3,3.5,2.8,3.2,2.9),(3.9,13,3.9,3.7,3.9,3.4,3.6,3.5),(NULL,14,NULL,NULL,NULL,NULL,NULL,NULL),(NULL,15,NULL,NULL,NULL,NULL,NULL,NULL),(NULL,16,NULL,NULL,NULL,NULL,NULL,NULL),(4.8,17,5,NULL,4.8,4.8,4.5,4.3),(NULL,18,NULL,NULL,NULL,NULL,NULL,NULL),(NULL,19,NULL,NULL,NULL,NULL,NULL,NULL),(4.4,20,4.6,5,4.4,4.4,3.9,4.2),(NULL,21,NULL,NULL,NULL,NULL,NULL,NULL),(NULL,22,NULL,NULL,NULL,NULL,NULL,NULL),(NULL,23,NULL,NULL,NULL,NULL,NULL,NULL),(4.2,24,4,3.8,4.1,3.7,3.3,3.7),(3.6,25,3.6,NULL,4.2,3.3,3.1,3.4),(NULL,26,NULL,NULL,NULL,NULL,NULL,NULL),(NULL,27,NULL,NULL,NULL,NULL,NULL,NULL),(4.3,28,4.3,NULL,4.3,4.1,4.3,3.5),(NULL,29,NULL,NULL,NULL,NULL,NULL,NULL),(3.5,30,3.4,3.8,3,3.2,4,3.7),(3.8,31,4.1,NULL,4.3,3.3,3.7,3.1),(NULL,32,NULL,NULL,NULL,NULL,NULL,NULL),(3.7,33,3.5,3.9,3.7,3.4,3.6,3.5),(4.8,34,4.8,5,4.6,4.5,4.7,4.4),(NULL,35,NULL,NULL,NULL,NULL,NULL,NULL),(4.6,36,4.4,5,4.5,4.4,4.5,4.2),(NULL,37,NULL,NULL,NULL,NULL,NULL,NULL),(4.3,38,4.3,4.5,4.4,4.2,4.4,4.3),(3.4,39,3.9,NULL,3.6,3.5,2.5,3.3),(NULL,40,NULL,NULL,NULL,NULL,NULL,NULL),(NULL,41,NULL,NULL,NULL,NULL,NULL,NULL),(3.7,42,3.7,4,3.9,3.4,3.9,3.5),(4.5,43,4.1,4,4.4,4.3,4.2,3.8),(3.5,44,3,3,3.5,2.8,3.2,2.9),(3.9,45,3.9,3.7,3.9,3.4,3.6,3.5),(NULL,46,NULL,NULL,NULL,NULL,NULL,NULL),(NULL,47,NULL,NULL,NULL,NULL,NULL,NULL),(NULL,48,NULL,NULL,NULL,NULL,NULL,NULL),(4.8,49,5,NULL,4.8,4.8,4.5,4.3),(NULL,50,NULL,NULL,NULL,NULL,NULL,NULL),(NULL,51,NULL,NULL,NULL,NULL,NULL,NULL),(4.4,52,4.6,5,4.4,4.4,3.9,4.2),(NULL,53,NULL,NULL,NULL,NULL,NULL,NULL),(NULL,54,NULL,NULL,NULL,NULL,NULL,NULL),(NULL,55,NULL,NULL,NULL,NULL,NULL,NULL),(4.2,56,4,3.8,4.1,3.7,3.3,3.7),(3.6,57,3.6,NULL,4.2,3.3,3.1,3.4),(NULL,58,NULL,NULL,NULL,NULL,NULL,NULL),(NULL,59,NULL,NULL,NULL,NULL,NULL,NULL),(4.3,60,4.3,NULL,4.3,4.1,4.3,3.5),(NULL,61,NULL,NULL,NULL,NULL,NULL,NULL),(3.5,62,3.4,3.8,3,3.2,4,3.7),(3.8,63,4.1,NULL,4.3,3.3,3.7,3.1),(NULL,64,NULL,NULL,NULL,NULL,NULL,NULL),(3.7,65,3.5,3.9,3.7,3.4,3.6,3.5),(4.8,66,4.8,5,4.6,4.5,4.7,4.4),(NULL,67,NULL,NULL,NULL,NULL,NULL,NULL),(4.6,68,4.4,5,4.5,4.4,4.5,4.2),(NULL,69,NULL,NULL,NULL,NULL,NULL,NULL),(4.3,70,4.3,4.5,4.4,4.2,4.4,4.3),(3.4,71,3.9,NULL,3.6,3.5,2.5,3.3),(NULL,72,NULL,NULL,NULL,NULL,NULL,NULL),(NULL,73,NULL,NULL,NULL,NULL,NULL,NULL),(3.7,74,3.7,4,3.9,3.4,3.9,3.5),(4.5,75,4.1,4,4.4,4.3,4.2,3.8),(3.5,76,3,3,3.5,2.8,3.2,2.9),(3.9,77,3.9,3.7,3.9,3.4,3.6,3.5),(NULL,78,NULL,NULL,NULL,NULL,NULL,NULL),(NULL,79,NULL,NULL,NULL,NULL,NULL,NULL),(NULL,80,NULL,NULL,NULL,NULL,NULL,NULL),(4.8,81,5,NULL,4.8,4.8,4.5,4.3),(NULL,82,NULL,NULL,NULL,NULL,NULL,NULL),(NULL,83,NULL,NULL,NULL,NULL,NULL,NULL),(4.4,84,4.6,5,4.4,4.4,3.9,4.2),(NULL,85,NULL,NULL,NULL,NULL,NULL,NULL),(NULL,86,NULL,NULL,NULL,NULL,NULL,NULL),(NULL,87,NULL,NULL,NULL,NULL,NULL,NULL),(4.2,88,4,3.8,4.1,3.7,3.3,3.7),(3.6,89,3.6,NULL,4.2,3.3,3.1,3.4),(NULL,90,NULL,NULL,NULL,NULL,NULL,NULL),(NULL,91,NULL,NULL,NULL,NULL,NULL,NULL),(4.3,92,4.3,NULL,4.3,4.1,4.3,3.5),(NULL,93,NULL,NULL,NULL,NULL,NULL,NULL),(3.5,94,3.4,3.8,3,3.2,4,3.7),(3.8,95,4.1,NULL,4.3,3.3,3.7,3.1),(NULL,96,NULL,NULL,NULL,NULL,NULL,NULL),(3.7,97,3.5,3.9,3.7,3.4,3.6,3.5),(4.8,98,4.8,5,4.6,4.5,4.7,4.4),(NULL,99,NULL,NULL,NULL,NULL,NULL,NULL),(4.6,100,4.4,5,4.5,4.4,4.5,4.2),(NULL,101,NULL,NULL,NULL,NULL,NULL,NULL),(4.3,102,4.3,4.5,4.4,4.2,4.4,4.3),(3.4,103,3.9,NULL,3.6,3.5,2.5,3.3),(NULL,104,NULL,NULL,NULL,NULL,NULL,NULL),(NULL,105,NULL,NULL,NULL,NULL,NULL,NULL),(3.7,106,3.7,4,3.9,3.4,3.9,3.5),(4.5,107,4.1,4,4.4,4.3,4.2,3.8),(3.5,108,3,3,3.5,2.8,3.2,2.9),(3.9,109,3.9,3.7,3.9,3.4,3.6,3.5),(NULL,110,NULL,NULL,NULL,NULL,NULL,NULL),(NULL,111,NULL,NULL,NULL,NULL,NULL,NULL),(NULL,112,NULL,NULL,NULL,NULL,NULL,NULL),(4.8,113,5,NULL,4.8,4.8,4.5,4.3),(NULL,114,NULL,NULL,NULL,NULL,NULL,NULL),(NULL,115,NULL,NULL,NULL,NULL,NULL,NULL),(4.4,116,4.6,5,4.4,4.4,3.9,4.2),(NULL,117,NULL,NULL,NULL,NULL,NULL,NULL),(NULL,118,NULL,NULL,NULL,NULL,NULL,NULL),(NULL,119,NULL,NULL,NULL,NULL,NULL,NULL),(4.2,120,4,3.8,4.1,3.7,3.3,3.7),(3.6,121,3.6,NULL,4.2,3.3,3.1,3.4),(NULL,122,NULL,NULL,NULL,NULL,NULL,NULL),(NULL,123,NULL,NULL,NULL,NULL,NULL,NULL),(4.3,124,4.3,NULL,4.3,4.1,4.3,3.5),(NULL,125,NULL,NULL,NULL,NULL,NULL,NULL),(3.5,126,3.4,3.8,3,3.2,4,3.7),(3.8,127,4.1,NULL,4.3,3.3,3.7,3.1),(NULL,128,NULL,NULL,NULL,NULL,NULL,NULL),(3.7,129,3.5,3.9,3.7,3.4,3.6,3.5),(4.8,130,4.8,5,4.6,4.5,4.7,4.4),(NULL,131,NULL,NULL,NULL,NULL,NULL,NULL),(4.6,132,4.4,5,4.5,4.4,4.5,4.2),(NULL,133,NULL,NULL,NULL,NULL,NULL,NULL),(4.3,134,4.3,4.5,4.4,4.2,4.4,4.3),(3.4,135,3.9,NULL,3.6,3.5,2.5,3.3),(NULL,136,NULL,NULL,NULL,NULL,NULL,NULL),(NULL,137,NULL,NULL,NULL,NULL,NULL,NULL),(3.7,138,3.7,4,3.9,3.4,3.9,3.5),(4.5,139,4.1,4,4.4,4.3,4.2,3.8),(3.5,140,3,3,3.5,2.8,3.2,2.9),(3.9,141,3.9,3.7,3.9,3.4,3.6,3.5),(NULL,142,NULL,NULL,NULL,NULL,NULL,NULL),(NULL,143,NULL,NULL,NULL,NULL,NULL,NULL),(NULL,144,NULL,NULL,NULL,NULL,NULL,NULL),(4.8,145,5,NULL,4.8,4.8,4.5,4.3),(NULL,146,NULL,NULL,NULL,NULL,NULL,NULL),(NULL,147,NULL,NULL,NULL,NULL,NULL,NULL),(4.4,148,4.6,5,4.4,4.4,3.9,4.2),(NULL,149,NULL,NULL,NULL,NULL,NULL,NULL),(NULL,150,NULL,NULL,NULL,NULL,NULL,NULL),(NULL,151,NULL,NULL,NULL,NULL,NULL,NULL),(4.2,152,4,3.8,4.1,3.7,3.3,3.7),(3.6,153,3.6,NULL,4.2,3.3,3.1,3.4),(NULL,154,NULL,NULL,NULL,NULL,NULL,NULL),(NULL,155,NULL,NULL,NULL,NULL,NULL,NULL),(4.3,156,4.3,NULL,4.3,4.1,4.3,3.5),(NULL,157,NULL,NULL,NULL,NULL,NULL,NULL),(3.5,158,3.4,3.8,3,3.2,4,3.7),(3.8,159,4.1,NULL,4.3,3.3,3.7,3.1),(NULL,160,NULL,NULL,NULL,NULL,NULL,NULL),(3.7,161,3.5,3.9,3.7,3.4,3.6,3.5),(4.8,162,4.8,5,4.6,4.5,4.7,4.4),(NULL,163,NULL,NULL,NULL,NULL,NULL,NULL),(4.6,164,4.4,5,4.5,4.4,4.5,4.2),(NULL,165,NULL,NULL,NULL,NULL,NULL,NULL),(4.3,166,4.3,4.5,4.4,4.2,4.4,4.3),(3.4,167,3.9,NULL,3.6,3.5,2.5,3.3),(NULL,168,NULL,NULL,NULL,NULL,NULL,NULL),(NULL,169,NULL,NULL,NULL,NULL,NULL,NULL),(3.7,170,3.7,4,3.9,3.4,3.9,3.5),(4.5,171,4.1,4,4.4,4.3,4.2,3.8),(3.5,172,3,3,3.5,2.8,3.2,2.9),(3.9,173,3.9,3.7,3.9,3.4,3.6,3.5),(NULL,174,NULL,NULL,NULL,NULL,NULL,NULL),(NULL,175,NULL,NULL,NULL,NULL,NULL,NULL),(NULL,176,NULL,NULL,NULL,NULL,NULL,NULL),(4.8,177,5,NULL,4.8,4.8,4.5,4.3),(NULL,178,NULL,NULL,NULL,NULL,NULL,NULL),(NULL,179,NULL,NULL,NULL,NULL,NULL,NULL),(4.4,180,4.6,5,4.4,4.4,3.9,4.2),(NULL,181,NULL,NULL,NULL,NULL,NULL,NULL),(NULL,182,NULL,NULL,NULL,NULL,NULL,NULL),(NULL,183,NULL,NULL,NULL,NULL,NULL,NULL),(4.2,184,4,3.8,4.1,3.7,3.3,3.7),(3.6,185,3.6,NULL,4.2,3.3,3.1,3.4),(NULL,186,NULL,NULL,NULL,NULL,NULL,NULL),(NULL,187,NULL,NULL,NULL,NULL,NULL,NULL),(4.3,188,4.3,NULL,4.3,4.1,4.3,3.5),(NULL,189,NULL,NULL,NULL,NULL,NULL,NULL),(3.5,190,3.4,3.8,3,3.2,4,3.7),(3.8,191,4.1,NULL,4.3,3.3,3.7,3.1),(NULL,192,NULL,NULL,NULL,NULL,NULL,NULL),(3.7,193,3.5,3.9,3.7,3.4,3.6,3.5),(4.8,194,4.8,5,4.6,4.5,4.7,4.4),(NULL,195,NULL,NULL,NULL,NULL,NULL,NULL),(4.6,196,4.4,5,4.5,4.4,4.5,4.2),(NULL,197,NULL,NULL,NULL,NULL,NULL,NULL),(4.3,198,4.3,4.5,4.4,4.2,4.4,4.3),(3.4,199,3.9,NULL,3.6,3.5,2.5,3.3),(NULL,200,NULL,NULL,NULL,NULL,NULL,NULL),(NULL,201,NULL,NULL,NULL,NULL,NULL,NULL),(3.7,202,3.7,4,3.9,3.4,3.9,3.5),(4.5,203,4.1,4,4.4,4.3,4.2,3.8),(3.5,204,3,3,3.5,2.8,3.2,2.9),(3.9,205,3.9,3.7,3.9,3.4,3.6,3.5),(NULL,206,NULL,NULL,NULL,NULL,NULL,NULL),(NULL,207,NULL,NULL,NULL,NULL,NULL,NULL),(NULL,208,NULL,NULL,NULL,NULL,NULL,NULL),(4.8,209,5,NULL,4.8,4.8,4.5,4.3),(NULL,210,NULL,NULL,NULL,NULL,NULL,NULL),(NULL,211,NULL,NULL,NULL,NULL,NULL,NULL),(4.4,212,4.6,5,4.4,4.4,3.9,4.2),(NULL,213,NULL,NULL,NULL,NULL,NULL,NULL),(NULL,214,NULL,NULL,NULL,NULL,NULL,NULL),(NULL,215,NULL,NULL,NULL,NULL,NULL,NULL),(4.2,216,4,3.8,4.1,3.7,3.3,3.7),(3.6,217,3.6,NULL,4.2,3.3,3.1,3.4),(NULL,218,NULL,NULL,NULL,NULL,NULL,NULL),(NULL,219,NULL,NULL,NULL,NULL,NULL,NULL),(4.3,220,4.3,NULL,4.3,4.1,4.3,3.5),(NULL,221,NULL,NULL,NULL,NULL,NULL,NULL),(3.5,222,3.4,3.8,3,3.2,4,3.7),(3.8,223,4.1,NULL,4.3,3.3,3.7,3.1),(NULL,224,NULL,NULL,NULL,NULL,NULL,NULL),(3.7,225,3.5,3.9,3.7,3.4,3.6,3.5),(4.8,226,4.8,5,4.6,4.5,4.7,4.4),(NULL,227,NULL,NULL,NULL,NULL,NULL,NULL),(4.6,228,4.4,5,4.5,4.4,4.5,4.2),(NULL,229,NULL,NULL,NULL,NULL,NULL,NULL),(4.3,230,4.3,4.5,4.4,4.2,4.4,4.3),(3.4,231,3.9,NULL,3.6,3.5,2.5,3.3),(NULL,232,NULL,NULL,NULL,NULL,NULL,NULL),(NULL,233,NULL,NULL,NULL,NULL,NULL,NULL),(3.7,234,3.7,4,3.9,3.4,3.9,3.5),(4.5,235,4.1,4,4.4,4.3,4.2,3.8),(3.5,236,3,3,3.5,2.8,3.2,2.9),(3.9,237,3.9,3.7,3.9,3.4,3.6,3.5),(NULL,238,NULL,NULL,NULL,NULL,NULL,NULL),(NULL,239,NULL,NULL,NULL,NULL,NULL,NULL),(NULL,240,NULL,NULL,NULL,NULL,NULL,NULL),(4.8,241,5,NULL,4.8,4.8,4.5,4.3),(NULL,242,NULL,NULL,NULL,NULL,NULL,NULL),(NULL,243,NULL,NULL,NULL,NULL,NULL,NULL),(4.4,244,4.6,5,4.4,4.4,3.9,4.2),(NULL,245,NULL,NULL,NULL,NULL,NULL,NULL),(NULL,246,NULL,NULL,NULL,NULL,NULL,NULL),(NULL,247,NULL,NULL,NULL,NULL,NULL,NULL),(4.2,248,4,3.8,4.1,3.7,3.3,3.7),(3.6,249,3.6,NULL,4.2,3.3,3.1,3.4),(NULL,250,NULL,NULL,NULL,NULL,NULL,NULL),(NULL,251,NULL,NULL,NULL,NULL,NULL,NULL),(4.3,252,4.3,NULL,4.3,4.1,4.3,3.5),(NULL,253,NULL,NULL,NULL,NULL,NULL,NULL),(3.5,254,3.4,3.8,3,3.2,4,3.7),(3.8,255,4.1,NULL,4.3,3.3,3.7,3.1),(NULL,256,NULL,NULL,NULL,NULL,NULL,NULL),(3.7,257,3.5,3.9,3.7,3.4,3.6,3.5),(4.8,258,4.8,5,4.6,4.5,4.7,4.4),(NULL,259,NULL,NULL,NULL,NULL,NULL,NULL),(4.6,260,4.4,5,4.5,4.4,4.5,4.2),(NULL,261,NULL,NULL,NULL,NULL,NULL,NULL),(4.3,262,4.3,4.5,4.4,4.2,4.4,4.3),(3.4,263,3.9,NULL,3.6,3.5,2.5,3.3),(NULL,264,NULL,NULL,NULL,NULL,NULL,NULL),(NULL,265,NULL,NULL,NULL,NULL,NULL,NULL),(3.7,266,3.7,4,3.9,3.4,3.9,3.5),(4.5,267,4.1,4,4.4,4.3,4.2,3.8),(3.5,268,3,3,3.5,2.8,3.2,2.9),(3.9,269,3.9,3.7,3.9,3.4,3.6,3.5),(NULL,270,NULL,NULL,NULL,NULL,NULL,NULL),(NULL,271,NULL,NULL,NULL,NULL,NULL,NULL),(NULL,272,NULL,NULL,NULL,NULL,NULL,NULL),(4.8,273,5,NULL,4.8,4.8,4.5,4.3),(NULL,274,NULL,NULL,NULL,NULL,NULL,NULL),(NULL,275,NULL,NULL,NULL,NULL,NULL,NULL),(4.4,276,4.6,5,4.4,4.4,3.9,4.2),(NULL,277,NULL,NULL,NULL,NULL,NULL,NULL),(NULL,278,NULL,NULL,NULL,NULL,NULL,NULL),(NULL,279,NULL,NULL,NULL,NULL,NULL,NULL),(4.2,280,4,3.8,4.1,3.7,3.3,3.7),(3.6,281,3.6,NULL,4.2,3.3,3.1,3.4),(NULL,282,NULL,NULL,NULL,NULL,NULL,NULL),(NULL,283,NULL,NULL,NULL,NULL,NULL,NULL),(4.3,284,4.3,NULL,4.3,4.1,4.3,3.5),(NULL,285,NULL,NULL,NULL,NULL,NULL,NULL),(3.5,286,3.4,3.8,3,3.2,4,3.7),(3.8,287,4.1,NULL,4.3,3.3,3.7,3.1),(NULL,288,NULL,NULL,NULL,NULL,NULL,NULL),(3.7,289,3.5,3.9,3.7,3.4,3.6,3.5),(4.8,290,4.8,5,4.6,4.5,4.7,4.4),(NULL,291,NULL,NULL,NULL,NULL,NULL,NULL),(4.6,292,4.4,5,4.5,4.4,4.5,4.2),(NULL,293,NULL,NULL,NULL,NULL,NULL,NULL),(4.3,294,4.3,4.5,4.4,4.2,4.4,4.3),(3.4,295,3.9,NULL,3.6,3.5,2.5,3.3),(NULL,296,NULL,NULL,NULL,NULL,NULL,NULL),(NULL,297,NULL,NULL,NULL,NULL,NULL,NULL),(3.7,298,3.7,4,3.9,3.4,3.9,3.5),(4.5,299,4.1,4,4.4,4.3,4.2,3.8),(3.5,300,3,3,3.5,2.8,3.2,2.9);
/*!40000 ALTER TABLE `Ratings` ENABLE KEYS */;
UNLOCK TABLES;
/*!40103 SET TIME_ZONE=@OLD_TIME_ZONE */;

/*!40101 SET SQL_MODE=@OLD_SQL_MODE */;
/*!40014 SET FOREIGN_KEY_CHECKS=@OLD_FOREIGN_KEY_CHECKS */;
/*!40014 SET UNIQUE_CHECKS=@OLD_UNIQUE_CHECKS */;
/*!40101 SET CHARACTER_SET_CLIENT=@OLD_CHARACTER_SET_CLIENT */;
/*!40101 SET CHARACTER_SET_RESULTS=@OLD_CHARACTER_SET_RESULTS */;
/*!40101 SET COLLATION_CONNECTION=@OLD_COLLATION_CONNECTION */;
/*!40111 SET SQL_NOTES=@OLD_SQL_NOTES */;

-- Dump completed on 2020-12-20 16:06:00
